data,system,example_id,source,target,SignCLIP-P-P,SignCLIP-P-T,SignCLIP-Suisse-P-P,SignCLIP-Suisse-P-T
signsuisse_test,ref,0,fra,fsl,,81.15950012207031,,91.8424072265625
signsuisse_test,ref,1,ita,ise,,68.9079360961914,,84.96562194824219
signsuisse_test,ref,2,fra,fsl,,78.49072265625,,86.40247344970703
signsuisse_test,ref,3,fra,fsl,,73.67610931396484,,85.6722640991211
signsuisse_test,ref,4,ita,ise,,73.43122100830078,,88.26956939697266
signsuisse_test,ref,5,ita,ise,,77.22273254394531,,88.28297424316406
signsuisse_test,ref,6,deu,sgg,,69.46324157714844,,85.0013198852539
signsuisse_test,ref,7,deu,sgg,,72.32225036621094,,87.17046356201172
signsuisse_test,ref,8,ita,ise,,65.48257446289062,,87.44610595703125
signsuisse_test,ref,9,deu,sgg,,76.50619506835938,,87.95403289794922
signsuisse_test,ref,10,deu,sgg,,71.44419860839844,,88.64628601074219
signsuisse_test,ref,11,fra,fsl,,71.56531524658203,,84.27420806884766
signsuisse_test,ref,12,ita,ise,,72.74334716796875,,87.03853607177734
signsuisse_test,ref,13,deu,sgg,,75.50746154785156,,86.73017883300781
signsuisse_test,ref,14,deu,sgg,,69.75276947021484,,84.93602752685547
signsuisse_test,ref,15,deu,sgg,,69.5250244140625,,84.52902221679688
signsuisse_test,ref,16,deu,sgg,,70.88465881347656,,91.07100677490234
signsuisse_test,ref,17,deu,sgg,,72.05187225341797,,88.15705871582031
signsuisse_test,ref,18,fra,fsl,,75.72453308105469,,88.12796783447266
signsuisse_test,ref,19,ita,ise,,74.0807876586914,,88.06288146972656
signsuisse_test,ref,20,fra,fsl,,74.80318450927734,,83.4339599609375
signsuisse_test,ref,21,ita,ise,,74.89797973632812,,87.5014419555664
signsuisse_test,ref,22,deu,sgg,,69.29569244384766,,84.6231689453125
signsuisse_test,ref,23,deu,sgg,,76.4263916015625,,88.30095672607422
signsuisse_test,ref,24,deu,sgg,,78.13662719726562,,88.60558319091797
signsuisse_test,ref,25,deu,sgg,,69.20394897460938,,89.7660140991211
signsuisse_test,ref,26,deu,sgg,,75.5544662475586,,87.96236419677734
signsuisse_test,ref,27,deu,sgg,,77.58915710449219,,84.09078216552734
signsuisse_test,ref,28,ita,ise,,69.58551788330078,,85.64998626708984
signsuisse_test,ref,29,ita,ise,,72.88554382324219,,85.52159881591797
signsuisse_test,ref,30,deu,sgg,,75.16600799560547,,86.06317901611328
signsuisse_test,ref,31,fra,fsl,,79.37425994873047,,88.2088851928711
signsuisse_test,ref,32,fra,fsl,,72.13519287109375,,88.05461120605469
signsuisse_test,ref,33,deu,sgg,,73.43980407714844,,86.82599639892578
signsuisse_test,ref,34,deu,sgg,,74.2005615234375,,85.32405853271484
signsuisse_test,ref,35,deu,sgg,,73.81786346435547,,86.7184829711914
signsuisse_test,ref,36,deu,sgg,,75.56590270996094,,91.63548278808594
signsuisse_test,ref,37,fra,fsl,,71.75560760498047,,89.96124267578125
signsuisse_test,ref,38,deu,sgg,,69.11515808105469,,88.85324096679688
signsuisse_test,ref,39,deu,sgg,,75.72219848632812,,84.63876342773438
signsuisse_test,ref,40,fra,fsl,,73.57288360595703,,86.46839141845703
signsuisse_test,ref,41,ita,ise,,73.44117736816406,,89.40061950683594
signsuisse_test,ref,42,ita,ise,,71.22815704345703,,88.58944702148438
signsuisse_test,ref,43,deu,sgg,,71.77640533447266,,88.37175750732422
signsuisse_test,ref,44,ita,ise,,75.47811126708984,,87.22982025146484
signsuisse_test,ref,45,ita,ise,,70.86079406738281,,89.64118194580078
signsuisse_test,ref,46,fra,fsl,,75.03095245361328,,86.2359619140625
signsuisse_test,ref,47,deu,sgg,,71.06867980957031,,92.28286743164062
signsuisse_test,ref,48,deu,sgg,,77.34140014648438,,90.20687866210938
signsuisse_test,ref,49,deu,sgg,,77.1777572631836,,88.29044342041016
signsuisse_test,ref,50,ita,ise,,69.91212463378906,,83.89350891113281
signsuisse_test,ref,51,deu,sgg,,71.26188659667969,,86.79802703857422
signsuisse_test,ref,52,deu,sgg,,80.41057586669922,,88.47036743164062
signsuisse_test,ref,53,ita,ise,,65.83470153808594,,87.26434326171875
signsuisse_test,ref,54,ita,ise,,74.53228759765625,,87.85255432128906
signsuisse_test,ref,55,fra,fsl,,82.34675598144531,,88.67911529541016
signsuisse_test,ref,56,ita,ise,,72.58776092529297,,84.46476745605469
signsuisse_test,ref,57,deu,sgg,,76.56497955322266,,85.98390197753906
signsuisse_test,ref,58,fra,fsl,,80.28943634033203,,89.76764678955078
signsuisse_test,ref,59,ita,ise,,72.53177642822266,,88.8101577758789
signsuisse_test,ref,60,deu,sgg,,75.4755630493164,,87.69359588623047
signsuisse_test,ref,61,deu,sgg,,75.3660888671875,,88.97699737548828
signsuisse_test,ref,62,deu,sgg,,77.65187072753906,,86.71818542480469
signsuisse_test,ref,63,fra,fsl,,78.03890228271484,,84.41114807128906
signsuisse_test,ref,64,ita,ise,,71.11589813232422,,83.93374633789062
signsuisse_test,ref,65,fra,fsl,,77.88780975341797,,89.17906951904297
signsuisse_test,ref,66,fra,fsl,,72.63555145263672,,84.54328155517578
signsuisse_test,ref,67,deu,sgg,,72.48433685302734,,90.65748596191406
signsuisse_test,ref,68,deu,sgg,,73.6329345703125,,89.0123062133789
signsuisse_test,ref,69,fra,fsl,,81.90064239501953,,93.62728881835938
signsuisse_test,ref,70,ita,ise,,73.78134155273438,,87.08116149902344
signsuisse_test,ref,71,deu,sgg,,82.33929443359375,,93.81399536132812
signsuisse_test,ref,72,deu,sgg,,69.842529296875,,88.74531555175781
signsuisse_test,ref,73,deu,sgg,,74.24616241455078,,91.7779541015625
signsuisse_test,ref,74,fra,fsl,,83.53539276123047,,91.80806732177734
signsuisse_test,ref,75,fra,fsl,,71.64085388183594,,86.04723358154297
signsuisse_test,ref,76,deu,sgg,,74.1521224975586,,87.15721893310547
signsuisse_test,ref,77,fra,fsl,,73.99349975585938,,86.71437072753906
signsuisse_test,ref,78,ita,ise,,76.6932373046875,,87.67704772949219
signsuisse_test,ref,79,ita,ise,,74.01322937011719,,87.5612564086914
signsuisse_test,ref,80,deu,sgg,,74.68179321289062,,91.38103485107422
signsuisse_test,ref,81,deu,sgg,,73.13593292236328,,86.42996215820312
signsuisse_test,ref,82,ita,ise,,65.99896240234375,,88.09396362304688
signsuisse_test,ref,83,ita,ise,,68.46875762939453,,86.49427795410156
signsuisse_test,ref,84,ita,ise,,77.3263931274414,,86.70086669921875
signsuisse_test,ref,85,deu,sgg,,71.83293151855469,,84.1278076171875
signsuisse_test,ref,86,deu,sgg,,73.32736206054688,,88.77559661865234
signsuisse_test,ref,87,ita,ise,,71.32247924804688,,88.4783935546875
signsuisse_test,ref,88,fra,fsl,,77.74586486816406,,94.93806457519531
signsuisse_test,ref,89,deu,sgg,,70.17196655273438,,88.46360778808594
signsuisse_test,ref,90,deu,sgg,,74.57490539550781,,91.1391830444336
signsuisse_test,ref,91,fra,fsl,,79.53760528564453,,86.17646789550781
signsuisse_test,ref,92,fra,fsl,,76.7021713256836,,90.6150894165039
signsuisse_test,ref,93,deu,sgg,,76.81510925292969,,86.83197784423828
signsuisse_test,ref,94,fra,fsl,,77.47476196289062,,88.31584167480469
signsuisse_test,ref,95,deu,sgg,,79.039306640625,,89.54474639892578
signsuisse_test,ref,96,ita,ise,,71.83011627197266,,84.44379425048828
signsuisse_test,ref,97,deu,sgg,,76.43785095214844,,86.80579376220703
signsuisse_test,ref,98,deu,sgg,,75.25968170166016,,89.26351165771484
signsuisse_test,ref,99,deu,sgg,,72.42591857910156,,86.89083099365234
signsuisse_test,ref,100,fra,fsl,,73.50891876220703,,85.92410278320312
signsuisse_test,ref,101,deu,sgg,,77.72034454345703,,87.5340347290039
signsuisse_test,ref,102,deu,sgg,,75.54566955566406,,82.48635864257812
signsuisse_test,ref,103,deu,sgg,,74.44110870361328,,85.83573913574219
signsuisse_test,ref,104,fra,fsl,,83.63880157470703,,86.91609954833984
signsuisse_test,ref,105,fra,fsl,,80.49849700927734,,84.8013916015625
signsuisse_test,ref,106,deu,sgg,,75.70926666259766,,86.44473266601562
signsuisse_test,ref,107,fra,fsl,,83.03536987304688,,87.8277587890625
signsuisse_test,ref,108,deu,sgg,,72.54705810546875,,84.07500457763672
signsuisse_test,ref,109,deu,sgg,,75.58029174804688,,87.8708267211914
signsuisse_test,ref,110,deu,sgg,,78.26117706298828,,92.04219055175781
signsuisse_test,ref,111,ita,ise,,59.86418533325195,,84.84261322021484
signsuisse_test,ref,112,ita,ise,,76.32463836669922,,91.16348266601562
signsuisse_test,ref,113,deu,sgg,,72.92304992675781,,85.84672546386719
signsuisse_test,ref,114,deu,sgg,,74.56233978271484,,84.83172607421875
signsuisse_test,ref,115,deu,sgg,,74.92765045166016,,85.1885986328125
signsuisse_test,ref,116,deu,sgg,,69.63957977294922,,85.85154724121094
signsuisse_test,ref,117,deu,sgg,,77.16584777832031,,88.41402435302734
signsuisse_test,ref,118,deu,sgg,,73.14901733398438,,88.2855224609375
signsuisse_test,ref,119,ita,ise,,81.40702819824219,,80.83908081054688
signsuisse_test,ref,120,fra,fsl,,70.86788940429688,,86.31236267089844
signsuisse_test,ref,121,fra,fsl,,79.86109924316406,,86.2523422241211
signsuisse_test,ref,122,ita,ise,,71.44127655029297,,81.19049072265625
signsuisse_test,ref,123,fra,fsl,,79.6126708984375,,97.22374725341797
signsuisse_test,ref,124,deu,sgg,,73.74845123291016,,86.89726257324219
signsuisse_test,ref,125,deu,sgg,,75.6467514038086,,87.93683624267578
signsuisse_test,ref,126,ita,ise,,65.22052764892578,,87.96237182617188
signsuisse_test,ref,127,ita,ise,,74.62458038330078,,93.92241668701172
signsuisse_test,ref,128,fra,fsl,,76.86566925048828,,85.52018737792969
signsuisse_test,ref,129,ita,ise,,67.90402221679688,,88.1939926147461
signsuisse_test,ref,130,deu,sgg,,77.47122955322266,,90.87054443359375
signsuisse_test,ref,131,ita,ise,,70.72822570800781,,84.05743408203125
signsuisse_test,ref,132,fra,fsl,,73.1620101928711,,82.52873992919922
signsuisse_test,ref,133,ita,ise,,77.61857604980469,,88.23548889160156
signsuisse_test,ref,134,deu,sgg,,76.09269714355469,,91.49699401855469
signsuisse_test,ref,135,ita,ise,,72.85469055175781,,83.81239318847656
signsuisse_test,ref,136,deu,sgg,,74.5726318359375,,84.65946960449219
signsuisse_test,ref,137,fra,fsl,,79.93753814697266,,92.92227172851562
signsuisse_test,ref,138,ita,ise,,72.7371597290039,,88.4971694946289
signsuisse_test,ref,139,deu,sgg,,73.14686584472656,,88.26549530029297
signsuisse_test,ref,140,fra,fsl,,79.30073547363281,,86.36326599121094
signsuisse_test,ref,141,deu,sgg,,78.54971313476562,,87.13013458251953
signsuisse_test,ref,142,fra,fsl,,83.48194885253906,,88.74581146240234
signsuisse_test,ref,143,fra,fsl,,71.11072540283203,,92.50923156738281
signsuisse_test,ref,144,deu,sgg,,77.96583557128906,,85.9955825805664
signsuisse_test,ref,145,deu,sgg,,79.72563171386719,,81.42803955078125
signsuisse_test,ref,146,deu,sgg,,72.60652923583984,,89.92630004882812
signsuisse_test,ref,147,deu,sgg,,77.19759368896484,,86.06656646728516
signsuisse_test,ref,148,deu,sgg,,69.00725555419922,,87.89737701416016
signsuisse_test,ref,149,deu,sgg,,70.8674087524414,,85.72439575195312
signsuisse_test,ref,150,deu,sgg,,77.632080078125,,89.23138427734375
signsuisse_test,ref,151,fra,fsl,,82.17921447753906,,90.81831359863281
signsuisse_test,ref,152,deu,sgg,,74.56719207763672,,89.68106842041016
signsuisse_test,ref,153,ita,ise,,71.97272491455078,,90.54688262939453
signsuisse_test,ref,154,ita,ise,,74.59173583984375,,89.339599609375
signsuisse_test,ref,155,fra,fsl,,80.31362915039062,,86.75930786132812
signsuisse_test,ref,156,fra,fsl,,79.37086486816406,,87.01557922363281
signsuisse_test,ref,157,fra,fsl,,81.19061279296875,,88.17744445800781
signsuisse_test,ref,158,ita,ise,,72.74463653564453,,88.8463363647461
signsuisse_test,ref,159,ita,ise,,68.50166320800781,,88.40386962890625
signsuisse_test,ref,160,ita,ise,,72.10581970214844,,89.78094482421875
signsuisse_test,ref,161,deu,sgg,,71.92963409423828,,92.11067962646484
signsuisse_test,ref,162,ita,ise,,74.036865234375,,91.54827880859375
signsuisse_test,ref,163,ita,ise,,71.29528045654297,,86.65509033203125
signsuisse_test,ref,164,deu,sgg,,78.07768249511719,,86.34579467773438
signsuisse_test,ref,165,deu,sgg,,73.16765594482422,,90.43272399902344
signsuisse_test,ref,166,ita,ise,,75.01874542236328,,91.14399719238281
signsuisse_test,ref,167,fra,fsl,,81.80358123779297,,87.42869567871094
signsuisse_test,ref,168,deu,sgg,,74.14232635498047,,92.484375
signsuisse_test,ref,169,deu,sgg,,67.895263671875,,85.31256103515625
signsuisse_test,ref,170,deu,sgg,,76.55817413330078,,88.59138488769531
signsuisse_test,ref,171,ita,ise,,82.87678527832031,,86.13590240478516
signsuisse_test,ref,172,fra,fsl,,74.51346588134766,,86.69698333740234
signsuisse_test,ref,173,deu,sgg,,74.8806381225586,,89.5254135131836
signsuisse_test,ref,174,deu,sgg,,66.15486907958984,,82.75541687011719
signsuisse_test,ref,175,fra,fsl,,81.388427734375,,90.08932495117188
signsuisse_test,ref,176,deu,sgg,,77.23771667480469,,84.72425842285156
signsuisse_test,ref,177,deu,sgg,,72.13847351074219,,91.73213195800781
signsuisse_test,ref,178,fra,fsl,,77.32489776611328,,86.83180236816406
signsuisse_test,ref,179,deu,sgg,,70.6110610961914,,84.7428207397461
signsuisse_test,ref,180,fra,fsl,,76.07196044921875,,87.60511779785156
signsuisse_test,ref,181,fra,fsl,,75.67982482910156,,88.85662841796875
signsuisse_test,ref,182,deu,sgg,,70.41542053222656,,91.5824966430664
signsuisse_test,ref,183,deu,sgg,,71.89916229248047,,89.37825012207031
signsuisse_test,ref,184,deu,sgg,,73.71025848388672,,88.6021957397461
signsuisse_test,ref,185,ita,ise,,74.587646484375,,85.88191223144531
signsuisse_test,ref,186,deu,sgg,,72.1276626586914,,87.63612365722656
signsuisse_test,ref,187,deu,sgg,,67.99153137207031,,87.77460479736328
signsuisse_test,ref,188,deu,sgg,,74.9872055053711,,84.93386840820312
signsuisse_test,ref,189,ita,ise,,74.09725189208984,,86.6436996459961
signsuisse_test,ref,190,ita,ise,,69.65310668945312,,88.8286361694336
signsuisse_test,ref,191,fra,fsl,,79.9861831665039,,87.62677001953125
signsuisse_test,ref,192,ita,ise,,72.89219665527344,,90.74141693115234
signsuisse_test,ref,193,ita,ise,,80.927734375,,91.11677551269531
signsuisse_test,ref,194,deu,sgg,,70.08451080322266,,88.4091567993164
signsuisse_test,ref,195,ita,ise,,72.08415222167969,,86.20381164550781
signsuisse_test,ref,196,deu,sgg,,76.02655792236328,,86.90988159179688
signsuisse_test,ref,197,deu,sgg,,77.00528717041016,,87.81150817871094
signsuisse_test,ref,198,deu,sgg,,73.87255859375,,85.03033447265625
signsuisse_test,ref,199,deu,sgg,,72.06070709228516,,86.26610565185547
signsuisse_test,ref,200,deu,sgg,,73.21308898925781,,84.43328094482422
signsuisse_test,ref,201,fra,fsl,,79.75965881347656,,83.94342041015625
signsuisse_test,ref,202,deu,sgg,,71.53800964355469,,88.62686157226562
signsuisse_test,ref,203,fra,fsl,,78.58029174804688,,89.68936157226562
signsuisse_test,ref,204,fra,fsl,,72.14810180664062,,86.13793182373047
signsuisse_test,ref,205,deu,sgg,,73.52288818359375,,85.58480834960938
signsuisse_test,ref,206,fra,fsl,,80.47291564941406,,87.36234283447266
signsuisse_test,ref,207,fra,fsl,,80.13717651367188,,84.3397445678711
signsuisse_test,ref,208,fra,fsl,,75.102294921875,,85.69662475585938
signsuisse_test,ref,209,ita,ise,,66.3935775756836,,85.34637451171875
signsuisse_test,ref,210,deu,sgg,,78.32599639892578,,90.80946350097656
signsuisse_test,ref,211,ita,ise,,68.04971313476562,,86.77619934082031
signsuisse_test,ref,212,deu,sgg,,72.1569595336914,,86.51840209960938
signsuisse_test,ref,213,ita,ise,,61.91279220581055,,86.91329193115234
signsuisse_test,ref,214,ita,ise,,74.90145111083984,,84.69468688964844
signsuisse_test,ref,215,fra,fsl,,72.32330322265625,,83.1890640258789
signsuisse_test,ref,216,deu,sgg,,71.87605285644531,,85.6948013305664
signsuisse_test,ref,217,fra,fsl,,74.86124420166016,,90.2088394165039
signsuisse_test,ref,218,fra,fsl,,83.29996490478516,,93.52169036865234
signsuisse_test,ref,219,ita,ise,,70.69823455810547,,90.45524597167969
signsuisse_test,ref,220,deu,sgg,,75.86502075195312,,87.00584411621094
signsuisse_test,ref,221,deu,sgg,,74.74020385742188,,86.25616455078125
signsuisse_test,ref,222,ita,ise,,69.72735595703125,,86.92259979248047
signsuisse_test,ref,223,deu,sgg,,76.68350982666016,,83.86187744140625
signsuisse_test,ref,224,deu,sgg,,82.01592254638672,,89.2511215209961
signsuisse_test,ref,225,fra,fsl,,75.97264099121094,,85.20046997070312
signsuisse_test,ref,226,fra,fsl,,69.36246490478516,,83.38438415527344
signsuisse_test,ref,227,fra,fsl,,81.00360107421875,,87.36685943603516
signsuisse_test,ref,228,deu,sgg,,76.31513214111328,,89.88713073730469
signsuisse_test,ref,229,ita,ise,,70.6607666015625,,88.58990478515625
signsuisse_test,ref,230,fra,fsl,,81.8558349609375,,85.11859893798828
signsuisse_test,ref,231,deu,sgg,,77.04817199707031,,89.83464813232422
signsuisse_test,ref,232,ita,ise,,75.61099243164062,,87.01314544677734
signsuisse_test,ref,233,deu,sgg,,72.66239166259766,,85.45418548583984
signsuisse_test,ref,234,ita,ise,,73.67949676513672,,87.57139587402344
signsuisse_test,ref,235,deu,sgg,,77.55573272705078,,88.78921508789062
signsuisse_test,ref,236,fra,fsl,,76.97108459472656,,88.87696838378906
signsuisse_test,ref,237,ita,ise,,73.5345230102539,,88.1473388671875
signsuisse_test,ref,238,ita,ise,,70.2884292602539,,82.34925842285156
signsuisse_test,ref,239,deu,sgg,,72.568359375,,82.27754974365234
signsuisse_test,ref,240,fra,fsl,,76.53958129882812,,87.95714569091797
signsuisse_test,ref,241,deu,sgg,,74.84871673583984,,87.01693725585938
signsuisse_test,ref,242,ita,ise,,68.46737670898438,,87.37113952636719
signsuisse_test,ref,243,deu,sgg,,76.84941864013672,,88.19206237792969
signsuisse_test,ref,244,deu,sgg,,72.78047180175781,,87.69422912597656
signsuisse_test,ref,245,deu,sgg,,69.99241638183594,,84.51089477539062
signsuisse_test,ref,246,ita,ise,,67.49836730957031,,86.600341796875
signsuisse_test,ref,247,deu,sgg,,73.66704559326172,,87.62716674804688
signsuisse_test,ref,248,ita,ise,,74.39808654785156,,85.2855453491211
signsuisse_test,ref,249,fra,fsl,,79.44388580322266,,91.63175964355469
signsuisse_test,ref,250,deu,sgg,,71.85009765625,,92.75
signsuisse_test,ref,251,deu,sgg,,69.11563873291016,,87.11448669433594
signsuisse_test,ref,252,deu,sgg,,73.38926696777344,,80.28197479248047
signsuisse_test,ref,253,deu,sgg,,74.42121887207031,,85.09033203125
signsuisse_test,ref,254,fra,fsl,,72.69430541992188,,89.71236419677734
signsuisse_test,ref,255,fra,fsl,,77.38093566894531,,79.96989440917969
signsuisse_test,ref,256,deu,sgg,,68.31684875488281,,80.5031509399414
signsuisse_test,ref,257,ita,ise,,75.38715362548828,,87.951904296875
signsuisse_test,ref,258,deu,sgg,,80.31427764892578,,90.05509185791016
signsuisse_test,ref,259,deu,sgg,,75.22541046142578,,86.72000122070312
signsuisse_test,ref,260,fra,fsl,,68.46684265136719,,87.54952239990234
signsuisse_test,ref,261,deu,sgg,,74.44226837158203,,86.95527648925781
signsuisse_test,ref,262,fra,fsl,,78.03399658203125,,88.18241882324219
signsuisse_test,ref,263,deu,sgg,,69.733642578125,,92.22986602783203
signsuisse_test,ref,264,deu,sgg,,80.00987243652344,,91.931640625
signsuisse_test,ref,265,deu,sgg,,71.54817199707031,,84.22816467285156
signsuisse_test,ref,266,deu,sgg,,72.99565887451172,,88.4611587524414
signsuisse_test,ref,267,ita,ise,,76.92481231689453,,85.44309997558594
signsuisse_test,ref,268,ita,ise,,69.90375518798828,,86.78482818603516
signsuisse_test,ref,269,deu,sgg,,72.45915985107422,,90.59577941894531
signsuisse_test,ref,270,fra,fsl,,78.84895324707031,,83.9881820678711
signsuisse_test,ref,271,fra,fsl,,74.24015808105469,,87.2886962890625
signsuisse_test,ref,272,ita,ise,,69.37326049804688,,89.1739730834961
signsuisse_test,ref,273,deu,sgg,,78.95169067382812,,91.42231750488281
signsuisse_test,ref,274,fra,fsl,,79.51609802246094,,91.75672912597656
signsuisse_test,ref,275,deu,sgg,,68.85416412353516,,88.70291137695312
signsuisse_test,ref,276,deu,sgg,,82.40131378173828,,92.12850952148438
signsuisse_test,ref,277,deu,sgg,,76.85335540771484,,89.10714721679688
signsuisse_test,ref,278,deu,sgg,,73.40850830078125,,87.75718688964844
signsuisse_test,ref,279,deu,sgg,,80.0753173828125,,91.81855010986328
signsuisse_test,ref,280,fra,fsl,,72.59976959228516,,89.46148681640625
signsuisse_test,ref,281,deu,sgg,,78.96849822998047,,90.21295928955078
signsuisse_test,ref,282,ita,ise,,66.30675506591797,,87.83589172363281
signsuisse_test,ref,283,deu,sgg,,77.84125518798828,,86.32867431640625
signsuisse_test,ref,284,ita,ise,,73.67674255371094,,83.84075927734375
signsuisse_test,ref,285,deu,sgg,,79.9977035522461,,86.24037170410156
signsuisse_test,ref,286,ita,ise,,68.08036041259766,,85.29167938232422
signsuisse_test,ref,287,deu,sgg,,75.64764404296875,,88.88209533691406
signsuisse_test,ref,288,deu,sgg,,78.2488784790039,,88.32086181640625
signsuisse_test,ref,289,ita,ise,,74.0343246459961,,84.9339370727539
signsuisse_test,ref,290,deu,sgg,,74.27017974853516,,82.5797348022461
signsuisse_test,ref,291,fra,fsl,,81.93807220458984,,89.54423522949219
signsuisse_test,ref,292,deu,sgg,,70.51286315917969,,89.93910217285156
signsuisse_test,ref,293,fra,fsl,,77.20695495605469,,86.74778747558594
signsuisse_test,ref,294,deu,sgg,,73.8666763305664,,84.80529022216797
signsuisse_test,ref,295,ita,ise,,71.13056945800781,,89.42333984375
signsuisse_test,ref,296,deu,sgg,,74.95635223388672,,92.20053100585938
signsuisse_test,ref,297,deu,sgg,,78.12789154052734,,90.29630279541016
signsuisse_test,ref,298,deu,sgg,,73.57548522949219,,89.11947631835938
signsuisse_test,ref,299,deu,sgg,,76.21883392333984,,90.87751770019531
signsuisse_test,ref,300,fra,fsl,,77.50122833251953,,87.08154296875
signsuisse_test,ref,301,deu,sgg,,78.17121887207031,,84.57473754882812
signsuisse_test,ref,302,fra,fsl,,82.28333282470703,,86.90685272216797
signsuisse_test,ref,303,fra,fsl,,76.6792984008789,,85.22576141357422
signsuisse_test,ref,304,deu,sgg,,78.29316711425781,,88.03358459472656
signsuisse_test,ref,305,fra,fsl,,80.90223693847656,,90.69375610351562
signsuisse_test,ref,306,ita,ise,,72.21354675292969,,84.24044036865234
signsuisse_test,ref,307,fra,fsl,,74.33924865722656,,84.68253326416016
signsuisse_test,ref,308,ita,ise,,73.41949462890625,,88.16679382324219
signsuisse_test,ref,309,ita,ise,,73.59076690673828,,86.45732879638672
signsuisse_test,ref,310,ita,ise,,74.78833770751953,,87.07752990722656
signsuisse_test,ref,311,ita,ise,,74.9632797241211,,91.0697021484375
signsuisse_test,ref,312,fra,fsl,,79.74757385253906,,88.19596862792969
signsuisse_test,ref,313,ita,ise,,73.87078857421875,,85.22505187988281
signsuisse_test,ref,314,deu,sgg,,72.16280364990234,,86.84098052978516
signsuisse_test,ref,315,deu,sgg,,71.4808120727539,,87.46894836425781
signsuisse_test,ref,316,deu,sgg,,75.73667907714844,,87.98753356933594
signsuisse_test,ref,317,deu,sgg,,82.8992691040039,,87.74590301513672
signsuisse_test,ref,318,fra,fsl,,72.80158233642578,,87.60773468017578
signsuisse_test,ref,319,fra,fsl,,74.63301849365234,,84.44551086425781
signsuisse_test,ref,320,fra,fsl,,79.462890625,,82.93619537353516
signsuisse_test,ref,321,ita,ise,,76.0562973022461,,83.91046142578125
signsuisse_test,ref,322,deu,sgg,,73.35980987548828,,81.94713592529297
signsuisse_test,ref,323,fra,fsl,,76.8502426147461,,82.98300170898438
signsuisse_test,ref,324,deu,sgg,,71.64297485351562,,89.9544677734375
signsuisse_test,ref,325,deu,sgg,,70.57955932617188,,91.56726837158203
signsuisse_test,ref,326,ita,ise,,73.4708251953125,,93.15914916992188
signsuisse_test,ref,327,deu,sgg,,72.20580291748047,,85.72773742675781
signsuisse_test,ref,328,fra,fsl,,80.37287902832031,,86.77799987792969
signsuisse_test,ref,329,deu,sgg,,74.68812561035156,,89.61097717285156
signsuisse_test,ref,330,deu,sgg,,75.91783142089844,,85.40299987792969
signsuisse_test,ref,331,deu,sgg,,71.30235290527344,,88.66741180419922
signsuisse_test,ref,332,ita,ise,,76.34337615966797,,93.45321655273438
signsuisse_test,ref,333,ita,ise,,72.92269134521484,,86.74282836914062
signsuisse_test,ref,334,deu,sgg,,72.25884246826172,,85.4985122680664
signsuisse_test,ref,335,deu,sgg,,75.62728881835938,,94.16343688964844
signsuisse_test,ref,336,fra,fsl,,75.80368041992188,,85.18779754638672
signsuisse_test,ref,337,fra,fsl,,81.20523834228516,,90.33290100097656
signsuisse_test,ref,338,deu,sgg,,72.13086700439453,,92.38652801513672
signsuisse_test,ref,339,fra,fsl,,78.69847106933594,,86.99099731445312
signsuisse_test,ref,340,deu,sgg,,74.83683776855469,,80.80899810791016
signsuisse_test,ref,341,ita,ise,,80.60676574707031,,93.15956115722656
signsuisse_test,ref,342,deu,sgg,,66.21317291259766,,85.20023345947266
signsuisse_test,ref,343,deu,sgg,,64.60527038574219,,84.99169158935547
signsuisse_test,ref,344,fra,fsl,,79.85457611083984,,90.95752716064453
signsuisse_test,ref,345,deu,sgg,,65.3189468383789,,88.62178039550781
signsuisse_test,ref,346,deu,sgg,,80.158447265625,,88.7781753540039
signsuisse_test,ref,347,deu,sgg,,74.6974868774414,,84.89876556396484
signsuisse_test,ref,348,fra,fsl,,75.25444793701172,,85.922607421875
signsuisse_test,ref,349,fra,fsl,,72.07975769042969,,85.01705932617188
signsuisse_test,ref,350,ita,ise,,75.1515884399414,,90.6192855834961
signsuisse_test,ref,351,ita,ise,,73.8776626586914,,83.2459487915039
signsuisse_test,ref,352,deu,sgg,,76.92573547363281,,86.00135040283203
signsuisse_test,ref,353,ita,ise,,75.9870834350586,,87.85553741455078
signsuisse_test,ref,354,deu,sgg,,72.89390563964844,,91.9060287475586
signsuisse_test,ref,355,ita,ise,,71.4745101928711,,82.9554214477539
signsuisse_test,ref,356,ita,ise,,77.30458068847656,,87.81151580810547
signsuisse_test,ref,357,deu,sgg,,75.54889678955078,,88.16922760009766
signsuisse_test,ref,358,ita,ise,,66.48826599121094,,88.30326843261719
signsuisse_test,ref,359,deu,sgg,,70.1997299194336,,85.9516372680664
signsuisse_test,ref,360,ita,ise,,71.47315979003906,,83.97338104248047
signsuisse_test,ref,361,ita,ise,,76.62164306640625,,86.15525817871094
signsuisse_test,ref,362,ita,ise,,75.65608215332031,,91.61768341064453
signsuisse_test,ref,363,fra,fsl,,81.13885498046875,,88.13502502441406
signsuisse_test,ref,364,fra,fsl,,76.96937561035156,,86.41897583007812
signsuisse_test,ref,365,ita,ise,,73.77635192871094,,83.85980224609375
signsuisse_test,ref,366,deu,sgg,,76.10143280029297,,84.32437896728516
signsuisse_test,ref,367,deu,sgg,,73.82005310058594,,86.54170227050781
signsuisse_test,ref,368,deu,sgg,,68.08173370361328,,90.17076110839844
signsuisse_test,ref,369,ita,ise,,69.62479400634766,,87.07417297363281
signsuisse_test,ref,370,fra,fsl,,78.52275085449219,,83.43350219726562
signsuisse_test,ref,371,deu,sgg,,74.09822845458984,,90.41415405273438
signsuisse_test,ref,372,deu,sgg,,76.26107788085938,,84.96784973144531
signsuisse_test,ref,373,deu,sgg,,77.47579956054688,,91.55899810791016
signsuisse_test,ref,374,deu,sgg,,79.52857208251953,,94.25135803222656
signsuisse_test,ref,375,deu,sgg,,74.8822250366211,,84.36074829101562
signsuisse_test,ref,376,fra,fsl,,72.37061309814453,,87.39925384521484
signsuisse_test,ref,377,ita,ise,,70.89884948730469,,86.74412536621094
signsuisse_test,ref,378,deu,sgg,,68.82723999023438,,90.87194061279297
signsuisse_test,ref,379,fra,fsl,,80.59098815917969,,85.7765884399414
signsuisse_test,ref,380,ita,ise,,70.37791442871094,,93.24649047851562
signsuisse_test,ref,381,ita,ise,,72.79122924804688,,82.9994125366211
signsuisse_test,ref,382,deu,sgg,,77.69046020507812,,90.46711730957031
signsuisse_test,ref,383,fra,fsl,,78.3037338256836,,86.0221176147461
signsuisse_test,ref,384,ita,ise,,72.70841217041016,,87.8897705078125
signsuisse_test,ref,385,deu,sgg,,73.67642211914062,,85.12207794189453
signsuisse_test,ref,386,ita,ise,,69.49388885498047,,94.1429443359375
signsuisse_test,ref,387,ita,ise,,69.16657257080078,,83.47565460205078
signsuisse_test,ref,388,deu,sgg,,73.41915893554688,,86.32789611816406
signsuisse_test,ref,389,ita,ise,,73.96768951416016,,89.74473571777344
signsuisse_test,ref,390,deu,sgg,,75.18482208251953,,84.36880493164062
signsuisse_test,ref,391,fra,fsl,,74.83746337890625,,88.35139465332031
signsuisse_test,ref,392,deu,sgg,,77.65254974365234,,86.66326904296875
signsuisse_test,ref,393,ita,ise,,76.7231216430664,,95.44085693359375
signsuisse_test,ref,394,deu,sgg,,77.14948272705078,,85.90111541748047
signsuisse_test,ref,395,fra,fsl,,76.74349975585938,,91.93073272705078
signsuisse_test,ref,396,deu,sgg,,73.16458892822266,,85.14083862304688
signsuisse_test,ref,397,deu,sgg,,65.69515228271484,,87.59201049804688
signsuisse_test,ref,398,ita,ise,,76.833984375,,87.66520690917969
signsuisse_test,ref,399,deu,sgg,,77.65267944335938,,94.97681427001953
signsuisse_test,ref,400,deu,sgg,,78.06121063232422,,89.46804809570312
signsuisse_test,ref,401,deu,sgg,,67.56112670898438,,87.62132263183594
signsuisse_test,ref,402,fra,fsl,,84.32850646972656,,89.33660125732422
signsuisse_test,ref,403,fra,fsl,,82.43978881835938,,88.76487731933594
signsuisse_test,ref,404,deu,sgg,,77.12037658691406,,89.4597396850586
signsuisse_test,ref,405,deu,sgg,,70.45836639404297,,91.45620727539062
signsuisse_test,ref,406,deu,sgg,,76.27350616455078,,87.14226531982422
signsuisse_test,ref,407,fra,fsl,,77.70296478271484,,85.1751937866211
signsuisse_test,ref,408,ita,ise,,73.59521484375,,82.42912292480469
signsuisse_test,ref,409,deu,sgg,,77.69258117675781,,83.2763900756836
signsuisse_test,ref,410,deu,sgg,,73.68182373046875,,85.34442901611328
signsuisse_test,ref,411,deu,sgg,,70.63382720947266,,86.77867889404297
signsuisse_test,ref,412,deu,sgg,,71.54462432861328,,89.73815155029297
signsuisse_test,ref,413,deu,sgg,,80.14863586425781,,94.89556884765625
signsuisse_test,ref,414,deu,sgg,,76.548828125,,90.25843811035156
signsuisse_test,ref,415,deu,sgg,,79.93031311035156,,92.22821807861328
signsuisse_test,ref,416,fra,fsl,,79.28387451171875,,86.34680938720703
signsuisse_test,ref,417,fra,fsl,,80.96385192871094,,93.70429992675781
signsuisse_test,ref,418,deu,sgg,,74.1090087890625,,88.7846908569336
signsuisse_test,ref,419,deu,sgg,,76.10768127441406,,88.60519409179688
signsuisse_test,ref,420,deu,sgg,,79.21502685546875,,96.08598327636719
signsuisse_test,ref,421,fra,fsl,,80.31217956542969,,88.97740173339844
signsuisse_test,ref,422,fra,fsl,,72.3851318359375,,87.79621887207031
signsuisse_test,ref,423,deu,sgg,,80.12687683105469,,85.44083404541016
signsuisse_test,ref,424,fra,fsl,,72.51863098144531,,85.65650177001953
signsuisse_test,ref,425,fra,fsl,,76.06044006347656,,86.78099060058594
signsuisse_test,ref,426,deu,sgg,,69.12661743164062,,85.93952941894531
signsuisse_test,ref,427,ita,ise,,70.94181823730469,,85.89903259277344
signsuisse_test,ref,428,deu,sgg,,73.75078582763672,,92.18860626220703
signsuisse_test,ref,429,deu,sgg,,82.22327423095703,,89.9008560180664
signsuisse_test,ref,430,deu,sgg,,74.73294830322266,,88.02105712890625
signsuisse_test,ref,431,deu,sgg,,75.60055541992188,,91.05294799804688
signsuisse_test,ref,432,deu,sgg,,66.49954223632812,,91.19483947753906
signsuisse_test,ref,433,deu,sgg,,74.67001342773438,,89.0843734741211
signsuisse_test,ref,434,deu,sgg,,71.52930450439453,,91.57327270507812
signsuisse_test,ref,435,deu,sgg,,71.9845962524414,,84.75322723388672
signsuisse_test,ref,436,fra,fsl,,79.49840545654297,,84.84156036376953
signsuisse_test,ref,437,deu,sgg,,73.88475799560547,,93.51263427734375
signsuisse_test,ref,438,deu,sgg,,73.10440063476562,,87.77379608154297
signsuisse_test,ref,439,deu,sgg,,69.34123229980469,,85.02349090576172
signsuisse_test,ref,440,deu,sgg,,72.03301239013672,,84.17241668701172
signsuisse_test,ref,441,ita,ise,,78.80311584472656,,87.69239044189453
signsuisse_test,ref,442,ita,ise,,64.54639434814453,,87.9471435546875
signsuisse_test,ref,443,fra,fsl,,78.4410629272461,,93.70155334472656
signsuisse_test,ref,444,deu,sgg,,68.6926498413086,,88.3514404296875
signsuisse_test,ref,445,deu,sgg,,71.980712890625,,90.82881164550781
signsuisse_test,ref,446,deu,sgg,,74.95808410644531,,87.01850891113281
signsuisse_test,ref,447,fra,fsl,,78.66485595703125,,87.64275360107422
signsuisse_test,ref,448,deu,sgg,,71.34686279296875,,86.0174331665039
signsuisse_test,ref,449,deu,sgg,,74.02680969238281,,85.91171264648438
signsuisse_test,ref,450,ita,ise,,72.865234375,,85.7319107055664
signsuisse_test,ref,451,deu,sgg,,76.78555297851562,,88.18537902832031
signsuisse_test,ref,452,deu,sgg,,74.39350128173828,,89.93965911865234
signsuisse_test,ref,453,deu,sgg,,75.30696105957031,,87.75374603271484
signsuisse_test,ref,454,deu,sgg,,73.64496612548828,,78.28958129882812
signsuisse_test,ref,455,deu,sgg,,72.50283813476562,,86.46180725097656
signsuisse_test,ref,456,deu,sgg,,72.09723663330078,,88.10673522949219
signsuisse_test,ref,457,deu,sgg,,74.11929321289062,,90.43215942382812
signsuisse_test,ref,458,deu,sgg,,70.23870086669922,,88.3167953491211
signsuisse_test,ref,459,deu,sgg,,68.52086639404297,,86.78385925292969
signsuisse_test,ref,460,fra,fsl,,78.50814056396484,,88.77839660644531
signsuisse_test,ref,461,deu,sgg,,78.81989288330078,,92.91497039794922
signsuisse_test,ref,462,fra,fsl,,75.78529357910156,,80.39427185058594
signsuisse_test,ref,463,fra,fsl,,76.84798431396484,,86.25242614746094
signsuisse_test,ref,464,deu,sgg,,69.78953552246094,,89.50524139404297
signsuisse_test,ref,465,deu,sgg,,73.75425720214844,,87.84849548339844
signsuisse_test,ref,466,deu,sgg,,73.81365966796875,,87.63331604003906
signsuisse_test,ref,467,deu,sgg,,72.65217590332031,,89.59760284423828
signsuisse_test,ref,468,deu,sgg,,75.34642028808594,,86.49341583251953
signsuisse_test,ref,469,fra,fsl,,82.48503112792969,,89.225341796875
signsuisse_test,ref,470,ita,ise,,68.22417449951172,,86.55493927001953
signsuisse_test,ref,471,fra,fsl,,76.88388061523438,,84.73770141601562
signsuisse_test,ref,472,ita,ise,,70.78560638427734,,82.17045593261719
signsuisse_test,ref,473,fra,fsl,,83.49285888671875,,93.30867004394531
signsuisse_test,ref,474,ita,ise,,71.86865234375,,86.01007843017578
signsuisse_test,ref,475,fra,fsl,,75.86353302001953,,85.96531677246094
signsuisse_test,ref,476,ita,ise,,65.43809509277344,,84.14273071289062
signsuisse_test,ref,477,ita,ise,,75.66886138916016,,87.12602233886719
signsuisse_test,ref,478,fra,fsl,,77.08184051513672,,86.63690185546875
signsuisse_test,ref,479,ita,ise,,68.50580596923828,,87.1095962524414
signsuisse_test,ref,480,deu,sgg,,74.79170227050781,,85.06423950195312
signsuisse_test,ref,481,deu,sgg,,65.4705581665039,,84.25765991210938
signsuisse_test,ref,482,ita,ise,,71.71800994873047,,84.23051452636719
signsuisse_test,ref,483,deu,sgg,,74.51123046875,,86.62391662597656
signsuisse_test,ref,484,ita,ise,,75.1367416381836,,89.81927490234375
signsuisse_test,ref,485,deu,sgg,,76.73502349853516,,88.23779296875
signsuisse_test,ref,486,deu,sgg,,72.91015625,,89.18839263916016
signsuisse_test,ref,487,deu,sgg,,74.67001342773438,,83.3083724975586
signsuisse_test,ref,488,ita,ise,,77.92852783203125,,89.50485229492188
signsuisse_test,ref,489,deu,sgg,,69.36404418945312,,87.72901153564453
signsuisse_test,ref,490,deu,sgg,,66.6256332397461,,90.13711547851562
signsuisse_test,ref,491,deu,sgg,,73.24234771728516,,85.673095703125
signsuisse_test,ref,492,ita,ise,,66.5008544921875,,88.11416625976562
signsuisse_test,ref,493,deu,sgg,,73.22317504882812,,89.70382690429688
signsuisse_test,ref,494,fra,fsl,,75.37870788574219,,85.14270782470703
signsuisse_test,ref,495,ita,ise,,74.4205551147461,,87.82115173339844
signsuisse_test,ref,496,deu,sgg,,73.03117370605469,,86.71607208251953
signsuisse_test,ref,497,ita,ise,,77.98433685302734,,83.33596801757812
signsuisse_test,ref,498,ita,ise,,74.41576385498047,,83.57356262207031
signsuisse_test,ref,499,ita,ise,,69.17716979980469,,85.30684661865234
signsuisse_test,ref,500,deu,sgg,,75.3408432006836,,87.75774383544922
signsuisse_test,ref,501,deu,sgg,,67.2620849609375,,85.6239013671875
signsuisse_test,ref,502,ita,ise,,71.25243377685547,,87.69255065917969
signsuisse_test,ref,503,fra,fsl,,77.00595092773438,,82.52377319335938
signsuisse_test,ref,504,fra,fsl,,75.29837799072266,,84.82557678222656
signsuisse_test,ref,505,ita,ise,,72.43122863769531,,89.69983673095703
signsuisse_test,ref,506,deu,sgg,,77.35884857177734,,82.9464340209961
signsuisse_test,ref,507,fra,fsl,,70.23226165771484,,86.20155334472656
signsuisse_test,ref,508,ita,ise,,71.02555084228516,,86.94940948486328
signsuisse_test,ref,509,fra,fsl,,79.00664520263672,,92.63484191894531
signsuisse_test,ref,510,fra,fsl,,80.10968017578125,,90.015380859375
signsuisse_test,ref,511,ita,ise,,70.21172332763672,,84.77580261230469
signsuisse_test,ref,512,deu,sgg,,76.8460693359375,,86.4762191772461
signsuisse_test,ref,513,deu,sgg,,77.59626007080078,,84.4407958984375
signsuisse_test,ref,514,ita,ise,,73.54214477539062,,88.50909423828125
signsuisse_test,ref,515,ita,ise,,72.5632553100586,,88.8539047241211
signsuisse_test,ref,516,fra,fsl,,77.55274963378906,,86.16893005371094
signsuisse_test,ref,517,deu,sgg,,73.89364624023438,,94.5640640258789
signsuisse_test,ref,518,fra,fsl,,78.49209594726562,,89.57492065429688
signsuisse_test,ref,519,ita,ise,,68.6200180053711,,85.15231323242188
signsuisse_test,ref,520,deu,sgg,,75.72911071777344,,85.6226577758789
signsuisse_test,ref,521,ita,ise,,75.45127868652344,,86.31766510009766
signsuisse_test,ref,522,deu,sgg,,75.25392150878906,,87.64301300048828
signsuisse_test,ref,523,fra,fsl,,82.21721649169922,,87.6573486328125
signsuisse_test,ref,524,ita,ise,,72.42436981201172,,91.08580780029297
signsuisse_test,ref,525,deu,sgg,,77.57859802246094,,91.10160827636719
signsuisse_test,ref,526,deu,sgg,,76.5597915649414,,89.03363800048828
signsuisse_test,ref,527,deu,sgg,,71.99221801757812,,88.13819885253906
signsuisse_test,ref,528,deu,sgg,,73.23177337646484,,87.92716979980469
signsuisse_test,ref,529,deu,sgg,,79.5359115600586,,86.91757202148438
signsuisse_test,ref,530,deu,sgg,,75.88147735595703,,85.46839141845703
signsuisse_test,ref,531,deu,sgg,,71.4013671875,,81.92182159423828
signsuisse_test,ref,532,deu,sgg,,74.69294738769531,,85.69470977783203
signsuisse_test,ref,533,deu,sgg,,73.56751251220703,,88.74925994873047
signsuisse_test,ref,534,deu,sgg,,76.5362548828125,,82.9014892578125
signsuisse_test,ref,535,deu,sgg,,74.59991455078125,,86.92874908447266
signsuisse_test,ref,536,fra,fsl,,82.95433044433594,,85.27754211425781
signsuisse_test,ref,537,deu,sgg,,67.80322265625,,87.00154113769531
signsuisse_test,ref,538,ita,ise,,69.8659896850586,,87.36680603027344
signsuisse_test,ref,539,ita,ise,,73.28673553466797,,86.41854858398438
signsuisse_test,ref,540,deu,sgg,,73.74742126464844,,85.09246063232422
signsuisse_test,ref,541,deu,sgg,,79.01962280273438,,88.19764709472656
signsuisse_test,ref,542,deu,sgg,,79.05436706542969,,82.71884155273438
signsuisse_test,ref,543,ita,ise,,75.62705993652344,,88.18025207519531
signsuisse_test,ref,544,deu,sgg,,73.47642517089844,,87.83448028564453
signsuisse_test,ref,545,deu,sgg,,69.30073547363281,,82.34407043457031
signsuisse_test,ref,546,fra,fsl,,79.71896362304688,,89.1865234375
signsuisse_test,ref,547,deu,sgg,,73.61354064941406,,88.24503326416016
signsuisse_test,ref,548,ita,ise,,76.40347290039062,,87.10977935791016
signsuisse_test,ref,549,deu,sgg,,67.89737701416016,,88.99298095703125
signsuisse_test,ref,550,deu,sgg,,77.74777221679688,,86.6768798828125
signsuisse_test,ref,551,deu,sgg,,76.26164245605469,,92.71642303466797
signsuisse_test,ref,552,fra,fsl,,76.5199966430664,,86.30816650390625
signsuisse_test,ref,553,deu,sgg,,73.6497573852539,,87.88287353515625
signsuisse_test,ref,554,deu,sgg,,73.56157684326172,,89.21514892578125
signsuisse_test,ref,555,fra,fsl,,78.93789672851562,,86.02095794677734
signsuisse_test,ref,556,ita,ise,,80.39768981933594,,88.72906494140625
signsuisse_test,ref,557,ita,ise,,80.52012634277344,,92.69976043701172
signsuisse_test,ref,558,deu,sgg,,75.271728515625,,88.24234771728516
signsuisse_test,ref,559,ita,ise,,72.09601593017578,,85.52227783203125
signsuisse_test,ref,560,fra,fsl,,77.9804458618164,,88.68511199951172
signsuisse_test,ref,561,ita,ise,,78.47938537597656,,88.32915496826172
signsuisse_test,ref,562,ita,ise,,71.08072662353516,,85.69540405273438
signsuisse_test,ref,563,deu,sgg,,76.67831420898438,,88.4685287475586
signsuisse_test,ref,564,deu,sgg,,66.161376953125,,83.93988800048828
signsuisse_test,ref,565,ita,ise,,74.10023498535156,,86.04105377197266
signsuisse_test,ref,566,ita,ise,,69.40702056884766,,86.88577270507812
signsuisse_test,ref,567,ita,ise,,74.42980194091797,,84.63341522216797
signsuisse_test,ref,568,ita,ise,,71.59585571289062,,87.373291015625
signsuisse_test,ref,569,fra,fsl,,74.6063461303711,,91.81011962890625
signsuisse_test,ref,570,ita,ise,,70.64269256591797,,86.7606430053711
signsuisse_test,ref,571,fra,fsl,,81.06697082519531,,88.68305206298828
signsuisse_test,ref,572,ita,ise,,73.62296295166016,,86.55317687988281
signsuisse_test,ref,573,fra,fsl,,84.21536254882812,,90.80864715576172
signsuisse_test,ref,574,deu,sgg,,72.34712982177734,,90.56805419921875
signsuisse_test,ref,575,fra,fsl,,76.85757446289062,,87.5934066772461
signsuisse_test,ref,576,ita,ise,,74.00969696044922,,85.2618179321289
signsuisse_test,ref,577,deu,sgg,,78.95807647705078,,84.75499725341797
signsuisse_test,ref,578,deu,sgg,,77.01587677001953,,90.59588623046875
signsuisse_test,ref,579,fra,fsl,,72.70024108886719,,83.23119354248047
signsuisse_test,ref,580,deu,sgg,,74.1411361694336,,88.78530883789062
signsuisse_test,ref,581,ita,ise,,71.03817749023438,,88.26582336425781
signsuisse_test,ref,582,fra,fsl,,78.21769714355469,,88.95530700683594
signsuisse_test,ref,583,deu,sgg,,69.61900329589844,,89.38330841064453
signsuisse_test,ref,584,fra,fsl,,80.10932159423828,,88.50558471679688
signsuisse_test,ref,585,deu,sgg,,79.7603759765625,,90.18981170654297
signsuisse_test,ref,586,ita,ise,,77.38390350341797,,85.97496795654297
signsuisse_test,ref,587,deu,sgg,,66.35429382324219,,85.54388427734375
signsuisse_test,ref,588,deu,sgg,,72.36094665527344,,90.1773910522461
signsuisse_test,ref,589,deu,sgg,,66.37445068359375,,89.32120513916016
signsuisse_test,ref,590,deu,sgg,,71.78287506103516,,87.96517181396484
signsuisse_test,ref,591,fra,fsl,,73.86136627197266,,85.52798461914062
signsuisse_test,ref,592,deu,sgg,,70.41793060302734,,85.50547790527344
signsuisse_test,ref,593,deu,sgg,,80.86426544189453,,88.14218139648438
signsuisse_test,ref,594,deu,sgg,,72.90161895751953,,86.90912628173828
signsuisse_test,ref,595,deu,sgg,,69.65506744384766,,85.14219665527344
signsuisse_test,ref,596,ita,ise,,69.19654083251953,,87.64656066894531
signsuisse_test,ref,597,deu,sgg,,82.11319732666016,,89.4581298828125
signsuisse_test,ref,598,deu,sgg,,73.49275207519531,,92.24066162109375
signsuisse_test,ref,599,deu,sgg,,77.16783905029297,,86.54875946044922
signsuisse_test,ref,600,ita,ise,,71.7998275756836,,88.73531341552734
signsuisse_test,ref,601,fra,fsl,,78.84941101074219,,87.23648834228516
signsuisse_test,ref,602,deu,sgg,,76.35735321044922,,94.54635620117188
signsuisse_test,ref,603,ita,ise,,79.55671691894531,,82.77815246582031
signsuisse_test,ref,604,ita,ise,,74.76038360595703,,85.86991882324219
signsuisse_test,ref,605,fra,fsl,,80.4245376586914,,87.84169006347656
signsuisse_test,ref,606,deu,sgg,,73.8589859008789,,90.61886596679688
signsuisse_test,ref,607,fra,fsl,,73.88179779052734,,84.34801483154297
signsuisse_test,ref,608,deu,sgg,,69.83773803710938,,88.51961517333984
signsuisse_test,ref,609,deu,sgg,,75.54105377197266,,86.7208023071289
signsuisse_test,ref,610,ita,ise,,67.13569641113281,,81.40593719482422
signsuisse_test,ref,611,deu,sgg,,74.07255554199219,,87.0000228881836
signsuisse_test,ref,612,deu,sgg,,72.48845672607422,,91.2266845703125
signsuisse_test,ref,613,ita,ise,,76.09584045410156,,87.39671325683594
signsuisse_test,ref,614,deu,sgg,,74.69442749023438,,88.7533950805664
signsuisse_test,ref,615,fra,fsl,,76.5175552368164,,83.28756713867188
signsuisse_test,ref,616,deu,sgg,,74.281494140625,,91.03887176513672
signsuisse_test,ref,617,fra,fsl,,76.05453491210938,,82.40638732910156
signsuisse_test,ref,618,fra,fsl,,81.58881378173828,,85.49626922607422
signsuisse_test,ref,619,deu,sgg,,75.99266052246094,,92.10669708251953
signsuisse_test,ref,620,deu,sgg,,67.5510025024414,,90.46527862548828
signsuisse_test,ref,621,ita,ise,,67.857421875,,87.18119812011719
signsuisse_test,ref,622,ita,ise,,77.84922790527344,,87.29117584228516
signsuisse_test,ref,623,deu,sgg,,77.28378295898438,,88.99839782714844
signsuisse_test,ref,624,fra,fsl,,77.95957946777344,,85.06500244140625
signsuisse_test,ref,625,ita,ise,,69.30571746826172,,86.9727783203125
signsuisse_test,ref,626,ita,ise,,68.75598907470703,,88.11819458007812
signsuisse_test,ref,627,ita,ise,,71.7383804321289,,85.17625427246094
signsuisse_test,ref,628,ita,ise,,72.76129913330078,,86.15633392333984
signsuisse_test,ref,629,fra,fsl,,76.18516540527344,,92.91040802001953
signsuisse_test,ref,630,ita,ise,,69.26380920410156,,85.88668823242188
signsuisse_test,ref,631,ita,ise,,73.69950866699219,,87.83709716796875
signsuisse_test,ref,632,ita,ise,,70.40226745605469,,83.16254425048828
signsuisse_test,ref,633,deu,sgg,,69.8888931274414,,88.2613754272461
signsuisse_test,ref,634,ita,ise,,75.27262878417969,,85.41690063476562
signsuisse_test,ref,635,deu,sgg,,74.08186340332031,,84.61286163330078
signsuisse_test,ref,636,fra,fsl,,84.36766052246094,,87.47087097167969
signsuisse_test,ref,637,fra,fsl,,79.16008758544922,,85.99364471435547
signsuisse_test,ref,638,deu,sgg,,63.51930236816406,,84.6643295288086
signsuisse_test,ref,639,ita,ise,,72.27164459228516,,86.57936096191406
signsuisse_test,ref,640,deu,sgg,,77.44771575927734,,84.74463653564453
signsuisse_test,ref,641,deu,sgg,,73.83736419677734,,86.83598327636719
signsuisse_test,ref,642,fra,fsl,,78.42984771728516,,93.51121520996094
signsuisse_test,ref,643,deu,sgg,,71.8430404663086,,86.78652954101562
signsuisse_test,ref,644,fra,fsl,,82.4946517944336,,85.99551391601562
signsuisse_test,ref,645,deu,sgg,,75.7153549194336,,89.23554229736328
signsuisse_test,ref,646,fra,fsl,,74.15977478027344,,81.9081039428711
signsuisse_test,ref,647,ita,ise,,72.10174560546875,,85.49384307861328
signsuisse_test,ref,648,fra,fsl,,71.99657440185547,,89.40554809570312
signsuisse_test,ref,649,ita,ise,,69.06974792480469,,86.0076675415039
signsuisse_test,ref,650,deu,sgg,,77.05452728271484,,92.02995300292969
signsuisse_test,ref,651,ita,ise,,73.85074615478516,,89.98007202148438
signsuisse_test,ref,652,ita,ise,,71.76832580566406,,86.9049072265625
signsuisse_test,ref,653,fra,fsl,,76.79278564453125,,82.44990539550781
signsuisse_test,ref,654,fra,fsl,,82.71952819824219,,87.63965606689453
signsuisse_test,ref,655,deu,sgg,,70.98304748535156,,89.64776611328125
signsuisse_test,ref,656,fra,fsl,,83.25511932373047,,88.07273864746094
signsuisse_test,ref,657,deu,sgg,,73.6922378540039,,87.67929077148438
signsuisse_test,ref,658,deu,sgg,,73.38732147216797,,86.50643157958984
signsuisse_test,ref,659,deu,sgg,,76.76080322265625,,84.90335083007812
signsuisse_test,ref,660,fra,fsl,,75.85150146484375,,88.91339111328125
signsuisse_test,ref,661,deu,sgg,,68.73295593261719,,87.71337127685547
signsuisse_test,ref,662,deu,sgg,,74.98578643798828,,91.5467758178711
signsuisse_test,ref,663,fra,fsl,,81.9469985961914,,84.68467712402344
signsuisse_test,ref,664,deu,sgg,,80.69902801513672,,88.14874267578125
signsuisse_test,ref,665,fra,fsl,,79.72245788574219,,91.43212890625
signsuisse_test,ref,666,deu,sgg,,76.31285858154297,,83.48761749267578
signsuisse_test,ref,667,deu,sgg,,78.48603057861328,,93.69510650634766
signsuisse_test,ref,668,deu,sgg,,68.16322326660156,,84.93168640136719
signsuisse_test,ref,669,ita,ise,,71.7560806274414,,86.47453308105469
signsuisse_test,ref,670,deu,sgg,,79.35303497314453,,88.22822570800781
signsuisse_test,ref,671,deu,sgg,,72.02416229248047,,80.14873504638672
signsuisse_test,ref,672,deu,sgg,,75.83135223388672,,91.34114837646484
signsuisse_test,ref,673,deu,sgg,,73.5079345703125,,92.04283142089844
signsuisse_test,ref,674,fra,fsl,,69.58062744140625,,86.2646484375
signsuisse_test,ref,675,fra,fsl,,83.34075164794922,,89.21334075927734
signsuisse_test,ref,676,ita,ise,,73.53050231933594,,90.11294555664062
signsuisse_test,ref,677,fra,fsl,,75.17149353027344,,89.54100799560547
signsuisse_test,ref,678,deu,sgg,,68.34476470947266,,88.13005065917969
signsuisse_test,ref,679,deu,sgg,,76.27011108398438,,90.06428527832031
signsuisse_test,ref,680,deu,sgg,,80.11039733886719,,88.30455017089844
signsuisse_test,ref,681,deu,sgg,,67.95904541015625,,84.51183319091797
signsuisse_test,ref,682,ita,ise,,70.70752716064453,,85.48512268066406
signsuisse_test,ref,683,deu,sgg,,79.6257553100586,,86.01139068603516
signsuisse_test,ref,684,fra,fsl,,79.14592742919922,,87.50375366210938
signsuisse_test,ref,685,fra,fsl,,78.24488067626953,,80.49968719482422
signsuisse_test,ref,686,fra,fsl,,74.65515899658203,,88.21835327148438
signsuisse_test,ref,687,deu,sgg,,77.97002410888672,,87.33770751953125
signsuisse_test,ref,688,deu,sgg,,74.4350357055664,,85.73931121826172
signsuisse_test,ref,689,deu,sgg,,74.70870971679688,,90.63961029052734
signsuisse_test,ref,690,deu,sgg,,71.8475570678711,,89.71212005615234
signsuisse_test,ref,691,deu,sgg,,80.2912368774414,,89.97332000732422
signsuisse_test,ref,692,deu,sgg,,66.76835632324219,,91.1775131225586
signsuisse_test,ref,693,fra,fsl,,75.84693145751953,,88.90416717529297
signsuisse_test,ref,694,deu,sgg,,72.42555236816406,,87.61785125732422
signsuisse_test,ref,695,deu,sgg,,73.90531158447266,,87.41754150390625
signsuisse_test,ref,696,ita,ise,,72.73982238769531,,91.3565444946289
signsuisse_test,ref,697,fra,fsl,,73.1474838256836,,79.57624053955078
signsuisse_test,ref,698,fra,fsl,,69.20045471191406,,85.39888763427734
signsuisse_test,ref,699,deu,sgg,,72.93791961669922,,88.99437713623047
signsuisse_test,ref,700,deu,sgg,,75.95941925048828,,93.36824035644531
signsuisse_test,ref,701,fra,fsl,,75.86231231689453,,85.87940979003906
signsuisse_test,ref,702,deu,sgg,,67.28558349609375,,84.40519714355469
signsuisse_test,ref,703,ita,ise,,72.80142974853516,,90.67160034179688
signsuisse_test,ref,704,deu,sgg,,77.98709106445312,,84.35684967041016
signsuisse_test,ref,705,deu,sgg,,81.4977035522461,,88.53205108642578
signsuisse_test,ref,706,fra,fsl,,76.882568359375,,86.20178985595703
signsuisse_test,ref,707,ita,ise,,76.74310302734375,,86.23306274414062
signsuisse_test,ref,708,ita,ise,,79.50021362304688,,88.85342407226562
signsuisse_test,ref,709,ita,ise,,74.78584289550781,,86.53945922851562
signsuisse_test,ref,710,deu,sgg,,68.20354461669922,,86.91597747802734
signsuisse_test,ref,711,ita,ise,,68.40312957763672,,90.5054702758789
signsuisse_test,ref,712,deu,sgg,,81.45883178710938,,87.03445434570312
signsuisse_test,ref,713,fra,fsl,,80.93789672851562,,82.38253784179688
signsuisse_test,ref,714,deu,sgg,,72.13192749023438,,92.87492370605469
signsuisse_test,ref,715,fra,fsl,,85.35591125488281,,84.40701293945312
signsuisse_test,ref,716,fra,fsl,,74.161376953125,,87.7471694946289
signsuisse_test,ref,717,deu,sgg,,63.13252258300781,,88.86422729492188
signsuisse_test,ref,718,fra,fsl,,76.32548522949219,,88.16361236572266
signsuisse_test,ref,719,deu,sgg,,72.8963851928711,,86.7734375
signsuisse_test,ref,720,deu,sgg,,75.43388366699219,,87.683349609375
signsuisse_test,ref,721,ita,ise,,71.47126770019531,,90.33688354492188
signsuisse_test,ref,722,ita,ise,,71.29988861083984,,80.6164779663086
signsuisse_test,ref,723,fra,fsl,,78.50460052490234,,87.60747528076172
signsuisse_test,ref,724,ita,ise,,72.48835754394531,,87.39128875732422
signsuisse_test,ref,725,fra,fsl,,70.27782440185547,,89.51962280273438
signsuisse_test,ref,726,fra,fsl,,80.31314086914062,,86.20466613769531
signsuisse_test,ref,727,ita,ise,,76.9654541015625,,85.93315887451172
signsuisse_test,ref,728,deu,sgg,,80.12181091308594,,86.61077117919922
signsuisse_test,ref,729,ita,ise,,67.72712707519531,,88.4529037475586
signsuisse_test,ref,730,fra,fsl,,76.49176788330078,,86.22515106201172
signsuisse_test,ref,731,deu,sgg,,66.60812377929688,,87.97248077392578
signsuisse_test,ref,732,deu,sgg,,73.1544189453125,,87.8055191040039
signsuisse_test,ref,733,deu,sgg,,75.15959167480469,,85.40789794921875
signsuisse_test,ref,734,fra,fsl,,79.84745788574219,,92.25907135009766
signsuisse_test,ref,735,fra,fsl,,75.47544860839844,,91.42292785644531
signsuisse_test,ref,736,deu,sgg,,75.76444244384766,,89.87089538574219
signsuisse_test,ref,737,deu,sgg,,78.50965118408203,,87.47035217285156
signsuisse_test,ref,738,fra,fsl,,74.93448638916016,,85.56118774414062
signsuisse_test,ref,739,deu,sgg,,79.2930908203125,,88.12724304199219
signsuisse_test,ref,740,fra,fsl,,82.24678039550781,,97.28276062011719
signsuisse_test,ref,741,deu,sgg,,71.3172607421875,,87.65021514892578
signsuisse_test,ref,742,deu,sgg,,77.96256256103516,,90.57325744628906
signsuisse_test,ref,743,ita,ise,,79.121337890625,,82.90921783447266
signsuisse_test,ref,744,deu,sgg,,79.55522918701172,,90.91978454589844
signsuisse_test,ref,745,fra,fsl,,82.61007690429688,,92.10121154785156
signsuisse_test,ref,746,deu,sgg,,71.9043960571289,,87.80316162109375
signsuisse_test,ref,747,deu,sgg,,73.90819549560547,,88.16484832763672
signsuisse_test,ref,748,deu,sgg,,73.82221984863281,,89.6851806640625
signsuisse_test,ref,749,deu,sgg,,70.54298400878906,,89.97422790527344
signsuisse_test,ref,750,deu,sgg,,82.79679870605469,,88.92761993408203
signsuisse_test,ref,751,ita,ise,,73.20487213134766,,85.45594787597656
signsuisse_test,ref,752,deu,sgg,,73.01375579833984,,86.45256805419922
signsuisse_test,ref,753,ita,ise,,73.37480926513672,,86.3808822631836
signsuisse_test,ref,754,ita,ise,,72.1650390625,,88.44242858886719
signsuisse_test,ref,755,fra,fsl,,77.71553039550781,,83.0702896118164
signsuisse_test,ref,756,ita,ise,,82.47802734375,,89.68508911132812
signsuisse_test,ref,757,deu,sgg,,72.67819213867188,,94.81131744384766
signsuisse_test,ref,758,fra,fsl,,76.86309051513672,,87.46819305419922
signsuisse_test,ref,759,deu,sgg,,76.63732147216797,,85.81156921386719
signsuisse_test,ref,760,deu,sgg,,78.84675598144531,,86.67166900634766
signsuisse_test,ref,761,fra,fsl,,83.30834197998047,,84.25560760498047
signsuisse_test,ref,762,deu,sgg,,73.52828979492188,,89.38804626464844
signsuisse_test,ref,763,deu,sgg,,71.11222839355469,,86.67998504638672
signsuisse_test,ref,764,deu,sgg,,72.28726959228516,,85.2885971069336
signsuisse_test,ref,765,deu,sgg,,83.30293273925781,,87.20953369140625
signsuisse_test,ref,766,deu,sgg,,74.65953063964844,,80.86033630371094
signsuisse_test,ref,767,fra,fsl,,76.28077697753906,,86.1430435180664
signsuisse_test,ref,768,fra,fsl,,78.49337768554688,,87.95570373535156
signsuisse_test,ref,769,deu,sgg,,74.4594955444336,,84.83356475830078
signsuisse_test,ref,770,deu,sgg,,73.47205352783203,,86.39961242675781
signsuisse_test,ref,771,deu,sgg,,72.21141815185547,,89.33682250976562
signsuisse_test,ref,772,ita,ise,,70.50576782226562,,90.79994201660156
signsuisse_test,ref,773,deu,sgg,,72.9512939453125,,84.03388214111328
signsuisse_test,ref,774,deu,sgg,,75.57408905029297,,87.54532623291016
signsuisse_test,ref,775,fra,fsl,,75.47801208496094,,88.40849304199219
signsuisse_test,ref,776,fra,fsl,,77.22154998779297,,86.00868225097656
signsuisse_test,ref,777,ita,ise,,70.37395477294922,,85.9640121459961
signsuisse_test,ref,778,ita,ise,,66.7708969116211,,88.24714660644531
signsuisse_test,ref,779,deu,sgg,,75.32699584960938,,88.56672668457031
signsuisse_test,ref,780,ita,ise,,72.73392486572266,,88.87603759765625
signsuisse_test,ref,781,deu,sgg,,73.74493408203125,,87.6930160522461
signsuisse_test,ref,782,fra,fsl,,73.66426086425781,,86.33695220947266
signsuisse_test,ref,783,ita,ise,,75.67642211914062,,88.7394790649414
signsuisse_test,ref,784,fra,fsl,,83.13837432861328,,83.01718139648438
signsuisse_test,ref,785,fra,fsl,,73.72706604003906,,87.28990173339844
signsuisse_test,ref,786,deu,sgg,,75.96415710449219,,93.19889068603516
signsuisse_test,ref,787,deu,sgg,,71.00044250488281,,82.08154296875
signsuisse_test,ref,788,fra,fsl,,78.91929626464844,,89.32810974121094
signsuisse_test,ref,789,deu,sgg,,71.42158508300781,,90.806396484375
signsuisse_test,ref,790,fra,fsl,,78.742431640625,,86.4975814819336
signsuisse_test,ref,791,fra,fsl,,80.91422271728516,,83.83720397949219
signsuisse_test,ref,792,deu,sgg,,71.74952697753906,,91.8774642944336
signsuisse_test,ref,793,fra,fsl,,76.77477264404297,,88.19457244873047
signsuisse_test,ref,794,deu,sgg,,65.56356811523438,,80.46285247802734
signsuisse_test,ref,795,ita,ise,,77.3186264038086,,88.19561767578125
signsuisse_test,ref,796,deu,sgg,,77.91996002197266,,91.45973205566406
signsuisse_test,ref,797,deu,sgg,,74.87071228027344,,91.31244659423828
signsuisse_test,ref,798,deu,sgg,,69.25043487548828,,90.63371276855469
signsuisse_test,ref,799,ita,ise,,78.18566131591797,,90.91014862060547
signsuisse_test,ref,800,deu,sgg,,76.07880401611328,,85.7955322265625
signsuisse_test,ref,801,deu,sgg,,74.91437530517578,,78.99313354492188
signsuisse_test,ref,802,deu,sgg,,74.9764633178711,,92.27194213867188
signsuisse_test,ref,803,deu,sgg,,69.40436553955078,,92.79061126708984
signsuisse_test,ref,804,ita,ise,,71.283203125,,91.73346710205078
signsuisse_test,ref,805,deu,sgg,,73.99854278564453,,83.27227020263672
signsuisse_test,ref,806,deu,sgg,,72.47205352783203,,84.18891143798828
signsuisse_test,ref,807,deu,sgg,,79.07492065429688,,94.68971252441406
signsuisse_test,ref,808,ita,ise,,80.17633819580078,,85.11494445800781
signsuisse_test,ref,809,deu,sgg,,74.56832885742188,,87.83462524414062
signsuisse_test,ref,810,deu,sgg,,64.8528060913086,,88.38968658447266
signsuisse_test,ref,811,fra,fsl,,78.42586517333984,,91.16077423095703
signsuisse_test,ref,812,deu,sgg,,70.56010437011719,,88.98372650146484
signsuisse_test,ref,813,ita,ise,,67.87262725830078,,85.44573211669922
signsuisse_test,ref,814,ita,ise,,71.71952056884766,,87.67732238769531
signsuisse_test,ref,815,deu,sgg,,79.99637603759766,,87.77320861816406
signsuisse_test,ref,816,deu,sgg,,67.26346588134766,,83.71430206298828
signsuisse_test,ref,817,fra,fsl,,81.52235412597656,,89.3106460571289
signsuisse_test,ref,818,fra,fsl,,77.59771728515625,,88.79447937011719
signsuisse_test,ref,819,ita,ise,,70.49849700927734,,88.08612823486328
signsuisse_test,ref,820,fra,fsl,,75.15306854248047,,86.47139739990234
signsuisse_test,ref,821,deu,sgg,,72.87362670898438,,88.12602233886719
signsuisse_test,ref,822,deu,sgg,,76.6938247680664,,85.45439910888672
signsuisse_test,ref,823,deu,sgg,,66.65380859375,,85.10223388671875
signsuisse_test,ref,824,ita,ise,,77.28951263427734,,86.53355407714844
signsuisse_test,ref,825,fra,fsl,,77.99372100830078,,87.60618591308594
signsuisse_test,ref,826,ita,ise,,77.27798461914062,,86.38397216796875
signsuisse_test,ref,827,ita,ise,,72.81945037841797,,86.85601043701172
signsuisse_test,ref,828,deu,sgg,,78.86328125,,86.96484375
signsuisse_test,ref,829,fra,fsl,,79.20015716552734,,86.5032958984375
signsuisse_test,ref,830,deu,sgg,,81.41305541992188,,91.67100524902344
signsuisse_test,ref,831,fra,fsl,,78.60244750976562,,82.13764953613281
signsuisse_test,ref,832,fra,fsl,,79.81250762939453,,83.94564056396484
signsuisse_test,ref,833,ita,ise,,74.7660903930664,,87.32270050048828
signsuisse_test,ref,834,fra,fsl,,79.20479583740234,,86.02749633789062
signsuisse_test,ref,835,ita,ise,,75.24191284179688,,86.78607940673828
signsuisse_test,ref,836,ita,ise,,71.08712768554688,,81.83828735351562
signsuisse_test,ref,837,deu,sgg,,65.75442504882812,,91.98927307128906
signsuisse_test,ref,838,fra,fsl,,80.54624938964844,,92.28944396972656
signsuisse_test,ref,839,deu,sgg,,75.73844146728516,,88.3244400024414
signsuisse_test,ref,840,fra,fsl,,80.9519271850586,,88.55917358398438
signsuisse_test,ref,841,deu,sgg,,73.6772232055664,,89.57249450683594
signsuisse_test,ref,842,deu,sgg,,72.31776428222656,,87.51114654541016
signsuisse_test,ref,843,deu,sgg,,72.91686248779297,,88.57811737060547
signsuisse_test,ref,844,fra,fsl,,78.81749725341797,,88.84617614746094
signsuisse_test,ref,845,fra,fsl,,76.3486328125,,87.5269775390625
signsuisse_test,ref,846,fra,fsl,,82.5489730834961,,91.35440063476562
signsuisse_test,ref,847,fra,fsl,,71.91165161132812,,86.58568572998047
signsuisse_test,ref,848,fra,fsl,,81.46922302246094,,81.65628051757812
signsuisse_test,ref,849,fra,fsl,,77.62529754638672,,85.96392059326172
signsuisse_test,ref,850,deu,sgg,,76.1939697265625,,91.33372497558594
signsuisse_test,ref,851,fra,fsl,,72.55966186523438,,91.76000213623047
signsuisse_test,ref,852,deu,sgg,,78.73165893554688,,89.2926025390625
signsuisse_test,ref,853,ita,ise,,68.40974426269531,,85.12913513183594
signsuisse_test,ref,854,deu,sgg,,73.3730239868164,,89.66140747070312
signsuisse_test,ref,855,ita,ise,,69.4818115234375,,84.24871826171875
signsuisse_test,ref,856,deu,sgg,,75.7010498046875,,85.40789031982422
signsuisse_test,ref,857,deu,sgg,,82.64085388183594,,84.57160949707031
signsuisse_test,ref,858,ita,ise,,78.00967407226562,,93.29657745361328
signsuisse_test,ref,859,fra,fsl,,73.63272094726562,,88.28697967529297
signsuisse_test,ref,860,deu,sgg,,71.03174591064453,,92.97335052490234
signsuisse_test,ref,861,ita,ise,,71.44963073730469,,87.96853637695312
signsuisse_test,ref,862,deu,sgg,,71.57545471191406,,82.72798156738281
signsuisse_test,ref,863,deu,sgg,,69.8619613647461,,88.62149047851562
signsuisse_test,ref,864,ita,ise,,79.04217529296875,,88.63060760498047
signsuisse_test,ref,865,deu,sgg,,74.43241882324219,,89.1152114868164
signsuisse_test,ref,866,ita,ise,,77.16397094726562,,88.54612731933594
signsuisse_test,ref,867,deu,sgg,,77.9034652709961,,87.19441223144531
signsuisse_test,ref,868,fra,fsl,,77.40043640136719,,86.22335052490234
signsuisse_test,ref,869,deu,sgg,,72.3802719116211,,83.04042053222656
signsuisse_test,ref,870,deu,sgg,,74.4400405883789,,88.07027435302734
signsuisse_test,ref,871,ita,ise,,73.51805877685547,,90.298095703125
signsuisse_test,ref,872,fra,fsl,,77.75856018066406,,88.51704406738281
signsuisse_test,ref,873,fra,fsl,,79.92343139648438,,83.355224609375
signsuisse_test,ref,874,deu,sgg,,71.04711151123047,,85.91085052490234
signsuisse_test,ref,875,deu,sgg,,69.03604125976562,,82.94866943359375
signsuisse_test,ref,876,ita,ise,,72.4317855834961,,89.00735473632812
signsuisse_test,ref,877,fra,fsl,,81.3315200805664,,88.51122283935547
signsuisse_test,ref,878,deu,sgg,,72.34233093261719,,85.39089965820312
signsuisse_test,ref,879,deu,sgg,,73.26927947998047,,90.27975463867188
signsuisse_test,ref,880,fra,fsl,,73.97431182861328,,86.18511962890625
signsuisse_test,ref,881,deu,sgg,,79.36685180664062,,85.15580749511719
signsuisse_test,ref,882,fra,fsl,,77.29122161865234,,91.62977600097656
signsuisse_test,ref,883,ita,ise,,76.6090087890625,,90.36373901367188
signsuisse_test,ref,884,ita,ise,,73.0143051147461,,84.6506118774414
signsuisse_test,ref,885,ita,ise,,74.43821716308594,,81.80279541015625
signsuisse_test,ref,886,deu,sgg,,63.70613098144531,,86.66494750976562
signsuisse_test,ref,887,deu,sgg,,68.77970123291016,,83.95054626464844
signsuisse_test,ref,888,fra,fsl,,74.99983215332031,,87.27423095703125
signsuisse_test,ref,889,deu,sgg,,67.73593139648438,,93.43475341796875
signsuisse_test,ref,890,deu,sgg,,82.10223388671875,,83.77761840820312
signsuisse_test,ref,891,deu,sgg,,77.57991027832031,,86.28923034667969
signsuisse_test,ref,892,ita,ise,,70.62136840820312,,88.19062805175781
signsuisse_test,ref,893,deu,sgg,,70.12873077392578,,87.50679016113281
signsuisse_test,ref,894,fra,fsl,,82.99405670166016,,89.2681884765625
signsuisse_test,ref,895,fra,fsl,,74.2958755493164,,81.17467498779297
signsuisse_test,ref,896,deu,sgg,,71.64360046386719,,86.16499328613281
signsuisse_test,ref,897,deu,sgg,,72.57706451416016,,88.50406646728516
signsuisse_test,ref,898,deu,sgg,,77.27977752685547,,86.06853485107422
signsuisse_test,ref,899,ita,ise,,76.58771514892578,,86.82099151611328
signsuisse_test,ref,900,deu,sgg,,65.72028350830078,,84.05580139160156
signsuisse_test,ref,901,deu,sgg,,70.92880249023438,,88.5995864868164
signsuisse_test,ref,902,deu,sgg,,74.22470092773438,,86.22313690185547
signsuisse_test,ref,903,deu,sgg,,75.54541778564453,,85.91039276123047
signsuisse_test,ref,904,ita,ise,,73.90999603271484,,85.72050476074219
signsuisse_test,ref,905,ita,ise,,79.59700012207031,,87.1317367553711
signsuisse_test,ref,906,deu,sgg,,70.38606262207031,,88.34758758544922
signsuisse_test,ref,907,deu,sgg,,74.30902862548828,,85.45358276367188
signsuisse_test,ref,908,deu,sgg,,68.38739013671875,,90.32548522949219
signsuisse_test,ref,909,fra,fsl,,87.24481964111328,,97.47379302978516
signsuisse_test,ref,910,ita,ise,,64.70549011230469,,88.14924621582031
signsuisse_test,ref,911,deu,sgg,,69.7650146484375,,84.71038055419922
signsuisse_test,ref,912,ita,ise,,74.67343139648438,,88.77891540527344
signsuisse_test,ref,913,ita,ise,,67.8183364868164,,88.7685546875
signsuisse_test,ref,914,deu,sgg,,74.6165542602539,,88.85343933105469
signsuisse_test,ref,915,deu,sgg,,70.72345733642578,,88.56072998046875
signsuisse_test,ref,916,deu,sgg,,69.55008697509766,,89.06807708740234
signsuisse_test,ref,917,deu,sgg,,72.34581756591797,,89.98960876464844
signsuisse_test,ref,918,deu,sgg,,78.51245880126953,,90.04353332519531
signsuisse_test,ref,919,fra,fsl,,71.58000183105469,,83.46570587158203
signsuisse_test,ref,920,ita,ise,,77.91207122802734,,89.48085021972656
signsuisse_test,ref,921,deu,sgg,,74.93241882324219,,88.228759765625
signsuisse_test,ref,922,deu,sgg,,75.45004272460938,,91.47003936767578
signsuisse_test,ref,923,deu,sgg,,77.92138671875,,86.24790954589844
signsuisse_test,ref,924,fra,fsl,,81.65370178222656,,87.08745574951172
signsuisse_test,ref,925,fra,fsl,,74.75468444824219,,87.0917739868164
signsuisse_test,ref,926,ita,ise,,72.19099426269531,,85.39112091064453
signsuisse_test,ref,927,fra,fsl,,73.21815490722656,,88.50041198730469
signsuisse_test,ref,928,fra,fsl,,82.23321533203125,,86.70584106445312
signsuisse_test,ref,929,ita,ise,,73.90129852294922,,88.80193328857422
signsuisse_test,ref,930,fra,fsl,,81.846923828125,,94.78506469726562
signsuisse_test,ref,931,deu,sgg,,79.03795623779297,,90.57670593261719
signsuisse_test,ref,932,ita,ise,,71.11969757080078,,87.38562774658203
signsuisse_test,ref,933,fra,fsl,,70.50350189208984,,86.97825622558594
signsuisse_test,ref,934,ita,ise,,74.86730194091797,,87.48764038085938
signsuisse_test,ref,935,fra,fsl,,78.9976577758789,,85.20697021484375
signsuisse_test,ref,936,deu,sgg,,74.62722778320312,,94.45965576171875
signsuisse_test,ref,937,deu,sgg,,74.91636657714844,,88.61605072021484
signsuisse_test,ref,938,ita,ise,,69.66260528564453,,86.93061828613281
signsuisse_test,ref,939,ita,ise,,71.12467956542969,,88.37626647949219
signsuisse_test,ref,940,deu,sgg,,73.91602325439453,,83.16606903076172
signsuisse_test,ref,941,fra,fsl,,75.28865814208984,,88.676025390625
signsuisse_test,ref,942,deu,sgg,,74.19782257080078,,88.2697525024414
signsuisse_test,ref,943,deu,sgg,,69.25352478027344,,91.68953704833984
signsuisse_test,ref,944,fra,fsl,,71.840087890625,,85.33392333984375
signsuisse_test,ref,945,fra,fsl,,79.64192962646484,,91.46917724609375
signsuisse_test,ref,946,deu,sgg,,77.82749938964844,,88.35179901123047
signsuisse_test,ref,947,deu,sgg,,75.74654388427734,,87.36758422851562
signsuisse_test,ref,948,ita,ise,,73.33432006835938,,91.05657958984375
signsuisse_test,ref,949,deu,sgg,,74.55252838134766,,89.60782623291016
signsuisse_test,ref,950,ita,ise,,76.11431884765625,,90.54704284667969
signsuisse_test,ref,951,deu,sgg,,76.83081817626953,,85.55703735351562
signsuisse_test,ref,952,ita,ise,,74.12684631347656,,85.76322174072266
signsuisse_test,ref,953,deu,sgg,,75.66475677490234,,87.5699691772461
signsuisse_test,ref,954,ita,ise,,73.35070037841797,,87.17430114746094
signsuisse_test,ref,955,deu,sgg,,77.64366149902344,,84.6725082397461
signsuisse_test,ref,956,deu,sgg,,77.68661499023438,,88.65728759765625
signsuisse_test,ref,957,deu,sgg,,76.92347717285156,,88.80720520019531
signsuisse_test,ref,958,deu,sgg,,83.483642578125,,92.02912902832031
signsuisse_test,ref,959,deu,sgg,,72.64047241210938,,89.73744201660156
signsuisse_test,ref,960,deu,sgg,,73.57884216308594,,88.32331848144531
signsuisse_test,ref,961,ita,ise,,71.7423095703125,,87.7628173828125
signsuisse_test,ref,962,deu,sgg,,69.03305053710938,,89.48108673095703
signsuisse_test,ref,963,deu,sgg,,73.08078002929688,,86.16447448730469
signsuisse_test,ref,964,deu,sgg,,78.41169738769531,,88.04029846191406
signsuisse_test,ref,965,fra,fsl,,82.96095275878906,,97.32455444335938
signsuisse_test,ref,966,fra,fsl,,80.37592315673828,,87.30702209472656
signsuisse_test,ref,967,fra,fsl,,81.7781753540039,,84.72929382324219
signsuisse_test,ref,968,ita,ise,,70.092041015625,,84.72382354736328
signsuisse_test,ref,969,deu,sgg,,78.77447509765625,,93.8673095703125
signsuisse_test,ref,970,fra,fsl,,72.69207763671875,,85.28633880615234
signsuisse_test,ref,971,deu,sgg,,75.65913391113281,,88.04994201660156
signsuisse_test,ref,972,ita,ise,,71.94862365722656,,87.74585723876953
signsuisse_test,ref,973,ita,ise,,75.20027923583984,,89.7066421508789
signsuisse_test,ref,974,deu,sgg,,77.62625122070312,,89.7144546508789
signsuisse_test,ref,975,ita,ise,,74.58251190185547,,86.4203872680664
signsuisse_test,ref,976,deu,sgg,,77.71258544921875,,95.0987777709961
signsuisse_test,ref,977,deu,sgg,,75.23698425292969,,84.9049072265625
signsuisse_test,ref,978,deu,sgg,,74.65524291992188,,80.8416748046875
signsuisse_test,ref,979,deu,sgg,,63.6696891784668,,81.43624877929688
signsuisse_test,ref,980,deu,sgg,,73.67451477050781,,92.71215057373047
signsuisse_test,ref,981,deu,sgg,,74.08872985839844,,89.54115295410156
signsuisse_test,ref,982,deu,sgg,,77.34176635742188,,89.8004379272461
signsuisse_test,ref,983,ita,ise,,70.11328887939453,,87.99852752685547
signsuisse_test,ref,984,fra,fsl,,80.85102844238281,,90.98019409179688
signsuisse_test,ref,985,deu,sgg,,73.55616760253906,,87.28325653076172
signsuisse_test,ref,986,deu,sgg,,73.36494445800781,,82.97913360595703
signsuisse_test,ref,987,deu,sgg,,73.30045318603516,,86.53389739990234
signsuisse_test,ref,988,ita,ise,,72.91988372802734,,86.80998229980469
signsuisse_test,ref,989,ita,ise,,73.56614685058594,,83.4685287475586
signsuisse_test,ref,990,deu,sgg,,72.9455337524414,,87.1395263671875
signsuisse_test,ref,991,deu,sgg,,74.13404083251953,,87.1498031616211
signsuisse_test,ref,992,fra,fsl,,82.82511901855469,,87.79266357421875
signsuisse_test,ref,993,fra,fsl,,77.02400970458984,,92.1595230102539
signsuisse_test,ref,994,fra,fsl,,79.31983184814453,,86.10192108154297
signsuisse_test,ref,995,ita,ise,,69.25566864013672,,84.0985336303711
signsuisse_test,ref,996,fra,fsl,,75.2579116821289,,90.57914733886719
signsuisse_test,ref,997,fra,fsl,,84.48833465576172,,83.56939697265625
signsuisse_test,ref,998,ita,ise,,74.20645141601562,,83.30745697021484
signsuisse_test,ref,999,fra,fsl,,77.0251693725586,,87.62743377685547
