data,system,example_id,source,target,MeanL2Score
signsuisse_test,sockeye,0,fra,fsl,0.3721950273181949
signsuisse_test,sockeye,1,ita,lse,0.13225570296306347
signsuisse_test,sockeye,2,fra,fsl,0.2661606432076634
signsuisse_test,sockeye,3,fra,fsl,0.3579343159078478
signsuisse_test,sockeye,4,ita,lse,0.2611021515056451
signsuisse_test,sockeye,5,ita,lse,0.20794385067965343
signsuisse_test,sockeye,6,deu,sgg,0.3493723845693453
signsuisse_test,sockeye,7,deu,sgg,0.12914779224100956
signsuisse_test,sockeye,8,ita,lse,0.37052854318359824
signsuisse_test,sockeye,9,deu,sgg,0.12973683814632403
signsuisse_test,sockeye,10,deu,sgg,0.28927929716531525
signsuisse_test,sockeye,11,fra,fsl,0.18555043414902178
signsuisse_test,sockeye,12,ita,lse,0.27211326576384776
signsuisse_test,sockeye,13,deu,sgg,0.28856208820315443
signsuisse_test,sockeye,14,deu,sgg,0.220755345910807
signsuisse_test,sockeye,15,deu,sgg,0.4956057515263747
signsuisse_test,sockeye,16,deu,sgg,0.22245434712840417
signsuisse_test,sockeye,17,deu,sgg,0.45072450945330284
signsuisse_test,sockeye,18,fra,fsl,0.24182091727928262
signsuisse_test,sockeye,19,ita,lse,0.25796804499470294
signsuisse_test,sockeye,20,fra,fsl,0.17394582201298026
signsuisse_test,sockeye,21,ita,lse,0.3460914207161858
signsuisse_test,sockeye,22,deu,sgg,0.26091939781749446
signsuisse_test,sockeye,23,deu,sgg,0.15900050169914123
signsuisse_test,sockeye,24,deu,sgg,0.30303459524202864
signsuisse_test,sockeye,25,deu,sgg,0.30387842678598376
signsuisse_test,sockeye,26,deu,sgg,0.353951828465806
signsuisse_test,sockeye,27,deu,sgg,0.34970458789415587
signsuisse_test,sockeye,28,ita,lse,0.2474861459872997
signsuisse_test,sockeye,29,ita,lse,0.34375808934622737
signsuisse_test,sockeye,30,deu,sgg,0.23593753054794803
signsuisse_test,sockeye,31,fra,fsl,0.3830328189600252
signsuisse_test,sockeye,32,fra,fsl,0.4164579716421634
signsuisse_test,sockeye,33,deu,sgg,0.20837071992623804
signsuisse_test,sockeye,34,deu,sgg,0.2143928761762017
signsuisse_test,sockeye,35,deu,sgg,0.23085102134799876
signsuisse_test,sockeye,36,deu,sgg,0.18393724100349412
signsuisse_test,sockeye,37,fra,fsl,0.1982609854993877
signsuisse_test,sockeye,38,deu,sgg,0.20541719632697908
signsuisse_test,sockeye,39,deu,sgg,0.2673671755785202
signsuisse_test,sockeye,40,fra,fsl,0.2444670211658712
signsuisse_test,sockeye,41,ita,lse,0.28120238026144573
signsuisse_test,sockeye,42,ita,lse,0.22493389925019702
signsuisse_test,sockeye,43,deu,sgg,0.09801024174176977
signsuisse_test,sockeye,44,ita,lse,0.19486603542771683
signsuisse_test,sockeye,45,ita,lse,0.3777028997337272
signsuisse_test,sockeye,46,fra,fsl,0.27449298979851783
signsuisse_test,sockeye,47,deu,sgg,0.1991220989255745
signsuisse_test,sockeye,48,deu,sgg,0.3433671789978767
signsuisse_test,sockeye,49,deu,sgg,0.3620345079587706
signsuisse_test,sockeye,50,ita,lse,0.376838155536545
signsuisse_test,sockeye,51,deu,sgg,0.2002743098075059
signsuisse_test,sockeye,52,deu,sgg,0.2929070992815819
signsuisse_test,sockeye,53,ita,lse,0.2772377868223299
signsuisse_test,sockeye,54,ita,lse,0.2453787311737392
signsuisse_test,sockeye,55,fra,fsl,0.25874257511143295
signsuisse_test,sockeye,56,ita,lse,0.29377384245515226
signsuisse_test,sockeye,57,deu,sgg,0.1151860610249092
signsuisse_test,sockeye,58,fra,fsl,0.32320653989583314
signsuisse_test,sockeye,59,ita,lse,0.18318028701202344
signsuisse_test,sockeye,60,deu,sgg,0.26123930269365864
signsuisse_test,sockeye,61,deu,sgg,0.11843722410897446
signsuisse_test,sockeye,62,deu,sgg,0.2797393912886602
signsuisse_test,sockeye,63,fra,fsl,0.17445566594314213
signsuisse_test,sockeye,64,ita,lse,0.4004983269914633
signsuisse_test,sockeye,65,fra,fsl,0.3124128332863591
signsuisse_test,sockeye,66,fra,fsl,0.19869914780356007
signsuisse_test,sockeye,67,deu,sgg,0.15257225442044614
signsuisse_test,sockeye,68,deu,sgg,0.08253183574874849
signsuisse_test,sockeye,69,fra,fsl,0.47011830369344143
signsuisse_test,sockeye,70,ita,lse,0.13505391776561737
signsuisse_test,sockeye,71,deu,sgg,0.23197065098098374
signsuisse_test,sockeye,72,deu,sgg,0.2259842743529563
signsuisse_test,sockeye,73,deu,sgg,0.2988979303363243
signsuisse_test,sockeye,74,fra,fsl,0.2084333109686346
signsuisse_test,sockeye,75,fra,fsl,0.2659543282815185
signsuisse_test,sockeye,76,deu,sgg,0.3266726833972949
signsuisse_test,sockeye,77,fra,fsl,0.31170515689706246
signsuisse_test,sockeye,78,ita,lse,0.2063072337775988
signsuisse_test,sockeye,79,ita,lse,0.14894624474824092
signsuisse_test,sockeye,80,deu,sgg,0.17229542651127935
signsuisse_test,sockeye,81,deu,sgg,0.22612945193940076
signsuisse_test,sockeye,82,ita,lse,0.32701085592419127
signsuisse_test,sockeye,83,ita,lse,0.1896609819031389
signsuisse_test,sockeye,84,ita,lse,0.42689611768822455
signsuisse_test,sockeye,85,deu,sgg,0.24914859337313638
signsuisse_test,sockeye,86,deu,sgg,0.1949835898016291
signsuisse_test,sockeye,87,ita,lse,0.20794887986844632
signsuisse_test,sockeye,88,fra,fsl,0.3304454487148594
signsuisse_test,sockeye,89,deu,sgg,0.1685525485655863
signsuisse_test,sockeye,90,deu,sgg,0.2378693271121779
signsuisse_test,sockeye,91,fra,fsl,0.24348201149206566
signsuisse_test,sockeye,92,fra,fsl,0.31373101587066704
signsuisse_test,sockeye,93,deu,sgg,0.20663077747506067
signsuisse_test,sockeye,94,fra,fsl,0.2569042690435795
signsuisse_test,sockeye,95,deu,sgg,0.15141028134514992
signsuisse_test,sockeye,96,ita,lse,0.1450699622371842
signsuisse_test,sockeye,97,deu,sgg,0.3253600169918539
signsuisse_test,sockeye,98,deu,sgg,0.13610320010339158
signsuisse_test,sockeye,99,deu,sgg,0.14988427327940895
signsuisse_test,sockeye,100,fra,fsl,0.24087856176688227
signsuisse_test,sockeye,101,deu,sgg,0.29503230047644824
signsuisse_test,sockeye,102,deu,sgg,0.35104590072264813
signsuisse_test,sockeye,103,deu,sgg,0.21691935665315498
signsuisse_test,sockeye,104,fra,fsl,0.3048910075410713
signsuisse_test,sockeye,105,fra,fsl,0.23335541181632224
signsuisse_test,sockeye,106,deu,sgg,0.2375175609040128
signsuisse_test,sockeye,107,fra,fsl,0.4033006138956079
signsuisse_test,sockeye,108,deu,sgg,0.28207544747348035
signsuisse_test,sockeye,109,deu,sgg,0.18830095694671403
signsuisse_test,sockeye,110,deu,sgg,0.21317248914260845
signsuisse_test,sockeye,111,ita,lse,0.2558897019325197
signsuisse_test,sockeye,112,ita,lse,0.23807722884266258
signsuisse_test,sockeye,113,deu,sgg,0.22111908011
signsuisse_test,sockeye,114,deu,sgg,0.3243439701701406
signsuisse_test,sockeye,115,deu,sgg,0.28118554560612163
signsuisse_test,sockeye,116,deu,sgg,0.22020805102061902
signsuisse_test,sockeye,117,deu,sgg,0.2693982274920301
signsuisse_test,sockeye,118,deu,sgg,0.16073859951409236
signsuisse_test,sockeye,119,ita,lse,0.2861687363260656
signsuisse_test,sockeye,120,fra,fsl,0.16617569014361017
signsuisse_test,sockeye,121,fra,fsl,0.25372432034420944
signsuisse_test,sockeye,122,ita,lse,0.27800175729509646
signsuisse_test,sockeye,123,fra,fsl,0.26541499112790273
signsuisse_test,sockeye,124,deu,sgg,0.31810065607744886
signsuisse_test,sockeye,125,deu,sgg,0.1459641027839563
signsuisse_test,sockeye,126,ita,lse,0.3037361668494395
signsuisse_test,sockeye,127,ita,lse,0.19123326177281152
signsuisse_test,sockeye,128,fra,fsl,0.13801396048063286
signsuisse_test,sockeye,129,ita,lse,0.3806068866292382
signsuisse_test,sockeye,130,deu,sgg,0.28171873470844466
signsuisse_test,sockeye,131,ita,lse,0.39681458546600007
signsuisse_test,sockeye,132,fra,fsl,0.39069308789876295
signsuisse_test,sockeye,133,ita,lse,0.0955938994884491
signsuisse_test,sockeye,134,deu,sgg,0.28643201698050136
signsuisse_test,sockeye,135,ita,lse,0.30966934961794196
signsuisse_test,sockeye,136,deu,sgg,0.1237709269529112
signsuisse_test,sockeye,137,fra,fsl,0.2981701423943659
signsuisse_test,sockeye,138,ita,lse,0.20118396465063923
signsuisse_test,sockeye,139,deu,sgg,0.30910784587358714
signsuisse_test,sockeye,140,fra,fsl,0.2236225375968574
signsuisse_test,sockeye,141,deu,sgg,0.24286282743410886
signsuisse_test,sockeye,142,fra,fsl,0.2720659474385735
signsuisse_test,sockeye,143,fra,fsl,0.30097143954857236
signsuisse_test,sockeye,144,deu,sgg,0.18129689991474152
signsuisse_test,sockeye,145,deu,sgg,0.26722592618227314
signsuisse_test,sockeye,146,deu,sgg,0.2108086516695057
signsuisse_test,sockeye,147,deu,sgg,0.2241118739646616
signsuisse_test,sockeye,148,deu,sgg,0.4371982878826264
signsuisse_test,sockeye,149,deu,sgg,0.23486266995590635
signsuisse_test,sockeye,150,deu,sgg,0.2229168394796199
signsuisse_test,sockeye,151,fra,fsl,0.26208210611007293
signsuisse_test,sockeye,152,deu,sgg,0.2568080182014729
signsuisse_test,sockeye,153,ita,lse,0.36706190363283553
signsuisse_test,sockeye,154,ita,lse,0.27958745899707976
signsuisse_test,sockeye,155,fra,fsl,0.2210042822897733
signsuisse_test,sockeye,156,fra,fsl,0.2219642633845053
signsuisse_test,sockeye,157,fra,fsl,0.2886036711211413
signsuisse_test,sockeye,158,ita,lse,0.42809292607359134
signsuisse_test,sockeye,159,ita,lse,0.287717084867218
signsuisse_test,sockeye,160,ita,lse,0.3125523589096608
signsuisse_test,sockeye,161,deu,sgg,0.16592319549690998
signsuisse_test,sockeye,162,ita,lse,0.18913642153216537
signsuisse_test,sockeye,163,ita,lse,0.19992321911454608
signsuisse_test,sockeye,164,deu,sgg,0.22610814314210725
signsuisse_test,sockeye,165,deu,sgg,0.18869171914747973
signsuisse_test,sockeye,166,ita,lse,0.32148758170873676
signsuisse_test,sockeye,167,fra,fsl,0.32035620507856827
signsuisse_test,sockeye,168,deu,sgg,0.15857346639621003
signsuisse_test,sockeye,169,deu,sgg,0.45271985733987147
signsuisse_test,sockeye,170,deu,sgg,0.16825493020284832
signsuisse_test,sockeye,171,ita,lse,0.2733616572338259
signsuisse_test,sockeye,172,fra,fsl,0.18445478050270678
signsuisse_test,sockeye,173,deu,sgg,0.2551377634061887
signsuisse_test,sockeye,174,deu,sgg,0.26059412900995116
signsuisse_test,sockeye,175,fra,fsl,0.3059065420443056
signsuisse_test,sockeye,176,deu,sgg,0.1690033234288515
signsuisse_test,sockeye,177,deu,sgg,0.21060125042423122
signsuisse_test,sockeye,178,fra,fsl,0.16752952668157134
signsuisse_test,sockeye,179,deu,sgg,0.16593827311049253
signsuisse_test,sockeye,180,fra,fsl,0.15968707348189523
signsuisse_test,sockeye,181,fra,fsl,0.2274606989394297
signsuisse_test,sockeye,182,deu,sgg,0.43061204847967466
signsuisse_test,sockeye,183,deu,sgg,0.11909650678507305
signsuisse_test,sockeye,184,deu,sgg,0.1392799152406319
signsuisse_test,sockeye,185,ita,lse,0.16538903560262774
signsuisse_test,sockeye,186,deu,sgg,0.2819656674087046
signsuisse_test,sockeye,187,deu,sgg,0.3121305115154784
signsuisse_test,sockeye,188,deu,sgg,0.22363192231390408
signsuisse_test,sockeye,189,ita,lse,0.10226905578586089
signsuisse_test,sockeye,190,ita,lse,0.3108544358731204
signsuisse_test,sockeye,191,fra,fsl,0.2657717087997977
signsuisse_test,sockeye,192,ita,lse,0.13038093168441553
signsuisse_test,sockeye,193,ita,lse,0.18309542769241727
signsuisse_test,sockeye,194,deu,sgg,0.26045546507912515
signsuisse_test,sockeye,195,ita,lse,0.22415744357308623
signsuisse_test,sockeye,196,deu,sgg,0.1540073417726366
signsuisse_test,sockeye,197,deu,sgg,0.21168007213381676
signsuisse_test,sockeye,198,deu,sgg,0.23584571888327355
signsuisse_test,sockeye,199,deu,sgg,0.3635895470241913
signsuisse_test,sockeye,200,deu,sgg,0.17650078748712766
signsuisse_test,sockeye,201,fra,fsl,0.2992445046010261
signsuisse_test,sockeye,202,deu,sgg,0.366675534264208
signsuisse_test,sockeye,203,fra,fsl,0.20233511564529047
signsuisse_test,sockeye,204,fra,fsl,0.36869462717456775
signsuisse_test,sockeye,205,deu,sgg,0.26220702167188903
signsuisse_test,sockeye,206,fra,fsl,0.23240627014329876
signsuisse_test,sockeye,207,fra,fsl,0.4668380616901026
signsuisse_test,sockeye,208,fra,fsl,0.30631360640299743
signsuisse_test,sockeye,209,ita,lse,0.4170723903533024
signsuisse_test,sockeye,210,deu,sgg,0.27450142371189423
signsuisse_test,sockeye,211,ita,lse,0.18108941596918554
signsuisse_test,sockeye,212,deu,sgg,0.2934794231780901
signsuisse_test,sockeye,213,ita,lse,0.1435731302612446
signsuisse_test,sockeye,214,ita,lse,0.17847041225134677
signsuisse_test,sockeye,215,fra,fsl,0.2626088472574988
signsuisse_test,sockeye,216,deu,sgg,0.1810676569101255
signsuisse_test,sockeye,217,fra,fsl,0.33206057244840875
signsuisse_test,sockeye,218,fra,fsl,0.2704469605984522
signsuisse_test,sockeye,219,ita,lse,0.30074949773842413
signsuisse_test,sockeye,220,deu,sgg,0.3443661347008983
signsuisse_test,sockeye,221,deu,sgg,0.3656481905070805
signsuisse_test,sockeye,222,ita,lse,0.17697687198239923
signsuisse_test,sockeye,223,deu,sgg,0.24679006116667057
signsuisse_test,sockeye,224,deu,sgg,0.3565126306520765
signsuisse_test,sockeye,225,fra,fsl,0.35516175983912973
signsuisse_test,sockeye,226,fra,fsl,0.4840142150214232
signsuisse_test,sockeye,227,fra,fsl,0.2601357602936629
signsuisse_test,sockeye,228,deu,sgg,0.14399251918490028
signsuisse_test,sockeye,229,ita,lse,0.3054385935968398
signsuisse_test,sockeye,230,fra,fsl,0.37738799241610416
signsuisse_test,sockeye,231,deu,sgg,0.3287103861054728
signsuisse_test,sockeye,232,ita,lse,0.398415264620903
signsuisse_test,sockeye,233,deu,sgg,0.13727284443510882
signsuisse_test,sockeye,234,ita,lse,0.2313042716766645
signsuisse_test,sockeye,235,deu,sgg,0.16565980144381368
signsuisse_test,sockeye,236,fra,fsl,0.1823322609850953
signsuisse_test,sockeye,237,ita,lse,0.28429537300797025
signsuisse_test,sockeye,238,ita,lse,0.31865317642732405
signsuisse_test,sockeye,239,deu,sgg,0.2343645389715108
signsuisse_test,sockeye,240,fra,fsl,0.26152231695561967
signsuisse_test,sockeye,241,deu,sgg,0.4070191086651482
signsuisse_test,sockeye,242,ita,lse,0.2282594888086245
signsuisse_test,sockeye,243,deu,sgg,0.21085662129065302
signsuisse_test,sockeye,244,deu,sgg,0.1261567605939439
signsuisse_test,sockeye,245,deu,sgg,0.23400406159478437
signsuisse_test,sockeye,246,ita,lse,0.14786419605031978
signsuisse_test,sockeye,247,deu,sgg,0.2528759764808892
signsuisse_test,sockeye,248,ita,lse,0.2156793660923034
signsuisse_test,sockeye,249,fra,fsl,0.2640135877971487
signsuisse_test,sockeye,250,deu,sgg,0.303028579859234
signsuisse_test,sockeye,251,deu,sgg,0.09823088129769326
signsuisse_test,sockeye,252,deu,sgg,0.25730239141083106
signsuisse_test,sockeye,253,deu,sgg,0.26764346368557873
signsuisse_test,sockeye,254,fra,fsl,0.22107312936511778
signsuisse_test,sockeye,255,fra,fsl,0.3579076003141351
signsuisse_test,sockeye,256,deu,sgg,0.20254660662488722
signsuisse_test,sockeye,257,ita,lse,0.27470537593973055
signsuisse_test,sockeye,258,deu,sgg,0.26598718829434753
signsuisse_test,sockeye,259,deu,sgg,0.24462172166046436
signsuisse_test,sockeye,260,fra,fsl,0.2696658119337107
signsuisse_test,sockeye,261,deu,sgg,0.22534788895612057
signsuisse_test,sockeye,262,fra,fsl,0.38096836739698664
signsuisse_test,sockeye,263,deu,sgg,0.14775844368998237
signsuisse_test,sockeye,264,deu,sgg,0.20743134347203462
signsuisse_test,sockeye,265,deu,sgg,0.27891436946543097
signsuisse_test,sockeye,266,deu,sgg,0.1935581962012119
signsuisse_test,sockeye,267,ita,lse,0.20225489669381863
signsuisse_test,sockeye,268,ita,lse,0.2856775573794933
signsuisse_test,sockeye,269,deu,sgg,0.186336287106883
signsuisse_test,sockeye,270,fra,fsl,0.2855294294093981
signsuisse_test,sockeye,271,fra,fsl,0.20737420679924354
signsuisse_test,sockeye,272,ita,lse,0.16395030824803056
signsuisse_test,sockeye,273,deu,sgg,0.1638791466157467
signsuisse_test,sockeye,274,fra,fsl,0.39902963932989033
signsuisse_test,sockeye,275,deu,sgg,0.12590309725477597
signsuisse_test,sockeye,276,deu,sgg,0.21358361846196655
signsuisse_test,sockeye,277,deu,sgg,0.26367251389524465
signsuisse_test,sockeye,278,deu,sgg,0.3081949975576974
signsuisse_test,sockeye,279,deu,sgg,0.24316304961278867
signsuisse_test,sockeye,280,fra,fsl,0.23082384264127428
signsuisse_test,sockeye,281,deu,sgg,0.40329543204308854
signsuisse_test,sockeye,282,ita,lse,0.30010091475799344
signsuisse_test,sockeye,283,deu,sgg,0.1650160901368141
signsuisse_test,sockeye,284,ita,lse,0.259057152878511
signsuisse_test,sockeye,285,deu,sgg,0.32469095902153694
signsuisse_test,sockeye,286,ita,lse,0.2683041597365997
signsuisse_test,sockeye,287,deu,sgg,0.3026670229948072
signsuisse_test,sockeye,288,deu,sgg,0.3133720579097016
signsuisse_test,sockeye,289,ita,lse,0.42160261678409433
signsuisse_test,sockeye,290,deu,sgg,0.16758083035713592
signsuisse_test,sockeye,291,fra,fsl,0.30185938193585693
signsuisse_test,sockeye,292,deu,sgg,0.18592262847490085
signsuisse_test,sockeye,293,fra,fsl,0.20599706501455461
signsuisse_test,sockeye,294,deu,sgg,0.3542982808945208
signsuisse_test,sockeye,295,ita,lse,0.3546141385149952
signsuisse_test,sockeye,296,deu,sgg,0.335205460533057
signsuisse_test,sockeye,297,deu,sgg,0.15506535410826466
signsuisse_test,sockeye,298,deu,sgg,0.23029074572018093
signsuisse_test,sockeye,299,deu,sgg,0.32000150823333073
signsuisse_test,sockeye,300,fra,fsl,0.2619878734869575
signsuisse_test,sockeye,301,deu,sgg,0.2221843630071784
signsuisse_test,sockeye,302,fra,fsl,0.4222421850173655
signsuisse_test,sockeye,303,fra,fsl,0.3224942397186827
signsuisse_test,sockeye,304,deu,sgg,0.23509017025580126
signsuisse_test,sockeye,305,fra,fsl,0.27322235862335637
signsuisse_test,sockeye,306,ita,lse,0.17437983359573253
signsuisse_test,sockeye,307,fra,fsl,0.15448846018257054
signsuisse_test,sockeye,308,ita,lse,0.3767382624450324
signsuisse_test,sockeye,309,ita,lse,0.29909697484292497
signsuisse_test,sockeye,310,ita,lse,0.10828708516531571
signsuisse_test,sockeye,311,ita,lse,0.4037846425337987
signsuisse_test,sockeye,312,fra,fsl,0.4769598427629139
signsuisse_test,sockeye,313,ita,lse,0.30479379617210856
signsuisse_test,sockeye,314,deu,sgg,0.24018175568666875
signsuisse_test,sockeye,315,deu,sgg,0.22238589197064773
signsuisse_test,sockeye,316,deu,sgg,0.22586553858076167
signsuisse_test,sockeye,317,deu,sgg,0.235102685966989
signsuisse_test,sockeye,318,fra,fsl,0.30124406042292373
signsuisse_test,sockeye,319,fra,fsl,0.3217076258930244
signsuisse_test,sockeye,320,fra,fsl,0.26162724218590777
signsuisse_test,sockeye,321,ita,lse,0.17013418022777352
signsuisse_test,sockeye,322,deu,sgg,0.38297400331962106
signsuisse_test,sockeye,323,fra,fsl,0.36818538743258805
signsuisse_test,sockeye,324,deu,sgg,0.16062531738764702
signsuisse_test,sockeye,325,deu,sgg,0.1580019058193922
signsuisse_test,sockeye,326,ita,lse,0.3782604262267329
signsuisse_test,sockeye,327,deu,sgg,0.36233165040430115
signsuisse_test,sockeye,328,fra,fsl,0.4635615226632861
signsuisse_test,sockeye,329,deu,sgg,0.2779125442484404
signsuisse_test,sockeye,330,deu,sgg,0.39744483925854046
signsuisse_test,sockeye,331,deu,sgg,0.16162152635858587
signsuisse_test,sockeye,332,ita,lse,0.29379340258017966
signsuisse_test,sockeye,333,ita,lse,0.2862492573010573
signsuisse_test,sockeye,334,deu,sgg,0.3316808628767565
signsuisse_test,sockeye,335,deu,sgg,0.09130031128621104
signsuisse_test,sockeye,336,fra,fsl,0.23176624761585268
signsuisse_test,sockeye,337,fra,fsl,0.31902575345842027
signsuisse_test,sockeye,338,deu,sgg,0.30992543918623705
signsuisse_test,sockeye,339,fra,fsl,0.21381609749455477
signsuisse_test,sockeye,340,deu,sgg,0.19862906991003157
signsuisse_test,sockeye,341,ita,lse,0.1422338044565289
signsuisse_test,sockeye,342,deu,sgg,0.3429967858009128
signsuisse_test,sockeye,343,deu,sgg,0.21754337361841472
signsuisse_test,sockeye,344,fra,fsl,0.3294856880434982
signsuisse_test,sockeye,345,deu,sgg,0.24266758375779587
signsuisse_test,sockeye,346,deu,sgg,0.4008445593355928
signsuisse_test,sockeye,347,deu,sgg,0.4199496794144191
signsuisse_test,sockeye,348,fra,fsl,0.15115865508991425
signsuisse_test,sockeye,349,fra,fsl,0.34364746602148327
signsuisse_test,sockeye,350,ita,lse,0.19267390763352601
signsuisse_test,sockeye,351,ita,lse,0.1983217136081842
signsuisse_test,sockeye,352,deu,sgg,0.21562165559737748
signsuisse_test,sockeye,353,ita,lse,0.14545239024251488
signsuisse_test,sockeye,354,deu,sgg,0.10692717598528768
signsuisse_test,sockeye,355,ita,lse,0.2493573543049394
signsuisse_test,sockeye,356,ita,lse,0.22360578064652764
signsuisse_test,sockeye,357,deu,sgg,0.18264086327713713
signsuisse_test,sockeye,358,ita,lse,0.18659989863054138
signsuisse_test,sockeye,359,deu,sgg,0.2654003295095514
signsuisse_test,sockeye,360,ita,lse,0.19965394588836988
signsuisse_test,sockeye,361,ita,lse,0.2789862975338454
signsuisse_test,sockeye,362,ita,lse,0.18786937706541218
signsuisse_test,sockeye,363,fra,fsl,0.22450274921865623
signsuisse_test,sockeye,364,fra,fsl,0.18051804843281163
signsuisse_test,sockeye,365,ita,lse,0.22144560440683767
signsuisse_test,sockeye,366,deu,sgg,0.2308003717095742
signsuisse_test,sockeye,367,deu,sgg,0.3106566313165808
signsuisse_test,sockeye,368,deu,sgg,0.26903603128077014
signsuisse_test,sockeye,369,ita,lse,0.14396538822980906
signsuisse_test,sockeye,370,fra,fsl,0.23585532558410438
signsuisse_test,sockeye,371,deu,sgg,0.39762949743828396
signsuisse_test,sockeye,372,deu,sgg,0.3112280654819693
signsuisse_test,sockeye,373,deu,sgg,0.11169452220201492
signsuisse_test,sockeye,374,deu,sgg,0.3614451035016935
signsuisse_test,sockeye,375,deu,sgg,0.3024053258960638
signsuisse_test,sockeye,376,fra,fsl,0.260479603096878
signsuisse_test,sockeye,377,ita,lse,0.28528592576464984
signsuisse_test,sockeye,378,deu,sgg,0.12674683484592938
signsuisse_test,sockeye,379,fra,fsl,0.29199698510505534
signsuisse_test,sockeye,380,ita,lse,0.24753231281917262
signsuisse_test,sockeye,381,ita,lse,0.314376143581595
signsuisse_test,sockeye,382,deu,sgg,0.2914469230013152
signsuisse_test,sockeye,383,fra,fsl,0.29787993934534585
signsuisse_test,sockeye,384,ita,lse,0.24362697404298178
signsuisse_test,sockeye,385,deu,sgg,0.29864204029908126
signsuisse_test,sockeye,386,ita,lse,0.47943713280589817
signsuisse_test,sockeye,387,ita,lse,0.14815437882673282
signsuisse_test,sockeye,388,deu,sgg,0.28625272704921384
signsuisse_test,sockeye,389,ita,lse,0.132567897439003
signsuisse_test,sockeye,390,deu,sgg,0.26860916383008654
signsuisse_test,sockeye,391,fra,fsl,0.17301400923498514
signsuisse_test,sockeye,392,deu,sgg,0.2663902080213068
signsuisse_test,sockeye,393,ita,lse,0.22468356780155424
signsuisse_test,sockeye,394,deu,sgg,0.2880804823751636
signsuisse_test,sockeye,395,fra,fsl,0.35498837229492475
signsuisse_test,sockeye,396,deu,sgg,0.4305276439602638
signsuisse_test,sockeye,397,deu,sgg,0.28939774767944465
signsuisse_test,sockeye,398,ita,lse,0.2766933607077048
signsuisse_test,sockeye,399,deu,sgg,0.18832461727244143
signsuisse_test,sockeye,400,deu,sgg,0.17893680118377528
signsuisse_test,sockeye,401,deu,sgg,0.23524276755437054
signsuisse_test,sockeye,402,fra,fsl,0.3655991010323537
signsuisse_test,sockeye,403,fra,fsl,0.24965141998657858
signsuisse_test,sockeye,404,deu,sgg,0.2550552410856592
signsuisse_test,sockeye,405,deu,sgg,0.3964414204035704
signsuisse_test,sockeye,406,deu,sgg,0.3365598512130476
signsuisse_test,sockeye,407,fra,fsl,0.33013016890495644
signsuisse_test,sockeye,408,ita,lse,0.405919563423937
signsuisse_test,sockeye,409,deu,sgg,0.17679616846380658
signsuisse_test,sockeye,410,deu,sgg,0.2710511696060604
signsuisse_test,sockeye,411,deu,sgg,0.344999914145437
signsuisse_test,sockeye,412,deu,sgg,0.22950121821008646
signsuisse_test,sockeye,413,deu,sgg,0.1782628343740378
signsuisse_test,sockeye,414,deu,sgg,0.19488431190107147
signsuisse_test,sockeye,415,deu,sgg,0.3569203711301941
signsuisse_test,sockeye,416,fra,fsl,0.23735405384409286
signsuisse_test,sockeye,417,fra,fsl,0.2966484838946516
signsuisse_test,sockeye,418,deu,sgg,0.23330160347192375
signsuisse_test,sockeye,419,deu,sgg,0.141677099842389
signsuisse_test,sockeye,420,deu,sgg,0.274898913286498
signsuisse_test,sockeye,421,fra,fsl,0.31174967455654423
signsuisse_test,sockeye,422,fra,fsl,0.17621621818871785
signsuisse_test,sockeye,423,deu,sgg,0.1802122039263728
signsuisse_test,sockeye,424,fra,fsl,0.19105869619556543
signsuisse_test,sockeye,425,fra,fsl,0.2617041530568489
signsuisse_test,sockeye,426,deu,sgg,0.32309043411510435
signsuisse_test,sockeye,427,ita,lse,0.25672495100726545
signsuisse_test,sockeye,428,deu,sgg,0.17053310230317606
signsuisse_test,sockeye,429,deu,sgg,0.2872245552540843
signsuisse_test,sockeye,430,deu,sgg,0.24444244968904036
signsuisse_test,sockeye,431,deu,sgg,0.24528379912201792
signsuisse_test,sockeye,432,deu,sgg,0.18830846812827914
signsuisse_test,sockeye,433,deu,sgg,0.2722257151660414
signsuisse_test,sockeye,434,deu,sgg,0.11836759450608791
signsuisse_test,sockeye,435,deu,sgg,0.3598618836617911
signsuisse_test,sockeye,436,fra,fsl,0.30929680223688955
signsuisse_test,sockeye,437,deu,sgg,0.10411472618579865
signsuisse_test,sockeye,438,deu,sgg,0.155393790497648
signsuisse_test,sockeye,439,deu,sgg,0.18546655813733393
signsuisse_test,sockeye,440,deu,sgg,0.1763244694992647
signsuisse_test,sockeye,441,ita,lse,0.12711183719345856
signsuisse_test,sockeye,442,ita,lse,0.2897602185522268
signsuisse_test,sockeye,443,fra,fsl,0.19668089102296962
signsuisse_test,sockeye,444,deu,sgg,0.15987806098900031
signsuisse_test,sockeye,445,deu,sgg,0.119984932243824
signsuisse_test,sockeye,446,deu,sgg,0.17031372392792615
signsuisse_test,sockeye,447,fra,fsl,0.2364623538908228
signsuisse_test,sockeye,448,deu,sgg,0.1207357719540596
signsuisse_test,sockeye,449,deu,sgg,0.29262340727439795
signsuisse_test,sockeye,450,ita,lse,0.23990870888098842
signsuisse_test,sockeye,451,deu,sgg,0.22174645172984822
signsuisse_test,sockeye,452,deu,sgg,0.21234180711030443
signsuisse_test,sockeye,453,deu,sgg,0.4135717597013661
signsuisse_test,sockeye,454,deu,sgg,0.21250720281431426
signsuisse_test,sockeye,455,deu,sgg,0.2551852583383094
signsuisse_test,sockeye,456,deu,sgg,0.11284257542712885
signsuisse_test,sockeye,457,deu,sgg,0.26397717575263385
signsuisse_test,sockeye,458,deu,sgg,0.22735266417038294
signsuisse_test,sockeye,459,deu,sgg,0.33801073241491764
signsuisse_test,sockeye,460,fra,fsl,0.3407515963079671
signsuisse_test,sockeye,461,deu,sgg,0.19366738920827145
signsuisse_test,sockeye,462,fra,fsl,0.3669509763916656
signsuisse_test,sockeye,463,fra,fsl,0.5507217176232854
signsuisse_test,sockeye,464,deu,sgg,0.32335555668323157
signsuisse_test,sockeye,465,deu,sgg,0.3265546085398942
signsuisse_test,sockeye,466,deu,sgg,0.2769382206774429
signsuisse_test,sockeye,467,deu,sgg,0.2982110680559871
signsuisse_test,sockeye,468,deu,sgg,0.138022565582617
signsuisse_test,sockeye,469,fra,fsl,0.2461104348933547
signsuisse_test,sockeye,470,ita,lse,0.31296449629780376
signsuisse_test,sockeye,471,fra,fsl,0.155287600877652
signsuisse_test,sockeye,472,ita,lse,0.28331500837959317
signsuisse_test,sockeye,473,fra,fsl,0.35881353055148457
signsuisse_test,sockeye,474,ita,lse,0.1097382054449767
signsuisse_test,sockeye,475,fra,fsl,0.3166674194006598
signsuisse_test,sockeye,476,ita,lse,0.42936563123021193
signsuisse_test,sockeye,477,ita,lse,0.14456914674207644
signsuisse_test,sockeye,478,fra,fsl,0.4035294871523095
signsuisse_test,sockeye,479,ita,lse,0.3607693917396816
signsuisse_test,sockeye,480,deu,sgg,0.2643309878431306
signsuisse_test,sockeye,481,deu,sgg,0.3707911824986489
signsuisse_test,sockeye,482,ita,lse,0.2716401599877677
signsuisse_test,sockeye,483,deu,sgg,0.1926710105886616
signsuisse_test,sockeye,484,ita,lse,0.28972926784313485
signsuisse_test,sockeye,485,deu,sgg,0.16992927041006162
signsuisse_test,sockeye,486,deu,sgg,0.17698504786121438
signsuisse_test,sockeye,487,deu,sgg,0.1968216921968062
signsuisse_test,sockeye,488,ita,lse,0.13037420585754314
signsuisse_test,sockeye,489,deu,sgg,0.21786234387299042
signsuisse_test,sockeye,490,deu,sgg,0.29208418557057364
signsuisse_test,sockeye,491,deu,sgg,0.23641515890906356
signsuisse_test,sockeye,492,ita,lse,0.17135511673668008
signsuisse_test,sockeye,493,deu,sgg,0.17384051526363234
signsuisse_test,sockeye,494,fra,fsl,0.311033757059121
signsuisse_test,sockeye,495,ita,lse,0.2574458621748535
signsuisse_test,sockeye,496,deu,sgg,0.27785214547443876
signsuisse_test,sockeye,497,ita,lse,0.19882781745422556
signsuisse_test,sockeye,498,ita,lse,0.28211091350202544
signsuisse_test,sockeye,499,ita,lse,0.23521533437730338
signsuisse_test,sockeye,500,deu,sgg,0.1910750270948912
signsuisse_test,sockeye,501,deu,sgg,0.13913604146393693
signsuisse_test,sockeye,502,ita,lse,0.20072491361168587
signsuisse_test,sockeye,503,fra,fsl,0.5097230255718436
signsuisse_test,sockeye,504,fra,fsl,0.17790266871452332
signsuisse_test,sockeye,505,ita,lse,0.30400599367592773
signsuisse_test,sockeye,506,deu,sgg,0.21879945297206177
signsuisse_test,sockeye,507,fra,fsl,0.2731919023804068
signsuisse_test,sockeye,508,ita,lse,0.15152818775278531
signsuisse_test,sockeye,509,fra,fsl,0.37789681957683696
signsuisse_test,sockeye,510,fra,fsl,0.279438937436324
signsuisse_test,sockeye,511,ita,lse,0.16918344638825222
signsuisse_test,sockeye,512,deu,sgg,0.17638489082781728
signsuisse_test,sockeye,513,deu,sgg,0.29374395904359474
signsuisse_test,sockeye,514,ita,lse,0.1731607870007164
signsuisse_test,sockeye,515,ita,lse,0.1873631280109338
signsuisse_test,sockeye,516,fra,fsl,0.33743425916762
signsuisse_test,sockeye,517,deu,sgg,0.276162617410701
signsuisse_test,sockeye,518,fra,fsl,0.3158636933273962
signsuisse_test,sockeye,519,ita,lse,0.336667807841408
signsuisse_test,sockeye,520,deu,sgg,0.2168063457497204
signsuisse_test,sockeye,521,ita,lse,0.13567207923154345
signsuisse_test,sockeye,522,deu,sgg,0.28685515046193416
signsuisse_test,sockeye,523,fra,fsl,0.2377087943403587
signsuisse_test,sockeye,524,ita,lse,0.24420468449820393
signsuisse_test,sockeye,525,deu,sgg,0.19295628805264625
signsuisse_test,sockeye,526,deu,sgg,0.33002317953753996
signsuisse_test,sockeye,527,deu,sgg,0.2504904666740318
signsuisse_test,sockeye,528,deu,sgg,0.34718462824124524
signsuisse_test,sockeye,529,deu,sgg,0.1391568699602053
signsuisse_test,sockeye,530,deu,sgg,0.29376190646907846
signsuisse_test,sockeye,531,deu,sgg,0.1592294764082516
signsuisse_test,sockeye,532,deu,sgg,0.1636434833919491
signsuisse_test,sockeye,533,deu,sgg,0.13238252699375153
signsuisse_test,sockeye,534,deu,sgg,0.22061307187282284
signsuisse_test,sockeye,535,deu,sgg,0.2516888560309827
signsuisse_test,sockeye,536,fra,fsl,0.3586730580143081
signsuisse_test,sockeye,537,deu,sgg,0.1795558066688623
signsuisse_test,sockeye,538,ita,lse,0.2083392035909524
signsuisse_test,sockeye,539,ita,lse,0.16322204542582047
signsuisse_test,sockeye,540,deu,sgg,0.21938971643726501
signsuisse_test,sockeye,541,deu,sgg,0.3237689137673093
signsuisse_test,sockeye,542,deu,sgg,0.23015137913136816
signsuisse_test,sockeye,543,ita,lse,0.351744102479816
signsuisse_test,sockeye,544,deu,sgg,0.12539167109136468
signsuisse_test,sockeye,545,deu,sgg,0.20555999320040977
signsuisse_test,sockeye,546,fra,fsl,0.34820718942065804
signsuisse_test,sockeye,547,deu,sgg,0.18850798875060207
signsuisse_test,sockeye,548,ita,lse,0.12250592258559552
signsuisse_test,sockeye,549,deu,sgg,0.15589775171139883
signsuisse_test,sockeye,550,deu,sgg,0.3984983216619909
signsuisse_test,sockeye,551,deu,sgg,0.18573292949016534
signsuisse_test,sockeye,552,fra,fsl,0.2602204526816189
signsuisse_test,sockeye,553,deu,sgg,0.343060113461942
signsuisse_test,sockeye,554,deu,sgg,0.13671354904229308
signsuisse_test,sockeye,555,fra,fsl,0.28844394167283466
signsuisse_test,sockeye,556,ita,lse,0.2717447260154054
signsuisse_test,sockeye,557,ita,lse,0.18370654383423635
signsuisse_test,sockeye,558,deu,sgg,0.1917177410675149
signsuisse_test,sockeye,559,ita,lse,0.24957897248622846
signsuisse_test,sockeye,560,fra,fsl,0.3155867431682833
signsuisse_test,sockeye,561,ita,lse,0.19724850361156837
signsuisse_test,sockeye,562,ita,lse,0.07464029166001145
signsuisse_test,sockeye,563,deu,sgg,0.16598328691066275
signsuisse_test,sockeye,564,deu,sgg,0.17897346242435544
signsuisse_test,sockeye,565,ita,lse,0.19609990825565454
signsuisse_test,sockeye,566,ita,lse,0.316756449718362
signsuisse_test,sockeye,567,ita,lse,0.2984498176520935
signsuisse_test,sockeye,568,ita,lse,0.15718457070001948
signsuisse_test,sockeye,569,fra,fsl,0.4260328374358702
signsuisse_test,sockeye,570,ita,lse,0.2583158344445893
signsuisse_test,sockeye,571,fra,fsl,0.3885113129376166
signsuisse_test,sockeye,572,ita,lse,0.17386156936563482
signsuisse_test,sockeye,573,fra,fsl,0.3495217134027973
signsuisse_test,sockeye,574,deu,sgg,0.29301673212250445
signsuisse_test,sockeye,575,fra,fsl,0.26083732227045753
signsuisse_test,sockeye,576,ita,lse,0.292697562484427
signsuisse_test,sockeye,577,deu,sgg,0.14643213817276207
signsuisse_test,sockeye,578,deu,sgg,0.24841328323525116
signsuisse_test,sockeye,579,fra,fsl,0.22720001947453083
signsuisse_test,sockeye,580,deu,sgg,0.09931676325946237
signsuisse_test,sockeye,581,ita,lse,0.27134302094479656
signsuisse_test,sockeye,582,fra,fsl,0.3606051257203475
signsuisse_test,sockeye,583,deu,sgg,0.3549909003679224
signsuisse_test,sockeye,584,fra,fsl,0.3087856692406623
signsuisse_test,sockeye,585,deu,sgg,0.3426283981863936
signsuisse_test,sockeye,586,ita,lse,0.27731220505651505
signsuisse_test,sockeye,587,deu,sgg,0.18853010253409008
signsuisse_test,sockeye,588,deu,sgg,0.25853991107143093
signsuisse_test,sockeye,589,deu,sgg,0.2563155060625721
signsuisse_test,sockeye,590,deu,sgg,0.15956413308808673
signsuisse_test,sockeye,591,fra,fsl,0.24036615257494873
signsuisse_test,sockeye,592,deu,sgg,0.29399940888843057
signsuisse_test,sockeye,593,deu,sgg,0.23531214915330048
signsuisse_test,sockeye,594,deu,sgg,0.2891351502334708
signsuisse_test,sockeye,595,deu,sgg,0.2812882366239905
signsuisse_test,sockeye,596,ita,lse,0.2741767427128448
signsuisse_test,sockeye,597,deu,sgg,0.2556575551786323
signsuisse_test,sockeye,598,deu,sgg,0.16481835726655267
signsuisse_test,sockeye,599,deu,sgg,0.1900135692734498
signsuisse_test,sockeye,600,ita,lse,0.19052689632713113
signsuisse_test,sockeye,601,fra,fsl,0.311414572594783
signsuisse_test,sockeye,602,deu,sgg,0.26234056744337564
signsuisse_test,sockeye,603,ita,lse,0.2111102724029573
signsuisse_test,sockeye,604,ita,lse,0.11954549320323377
signsuisse_test,sockeye,605,fra,fsl,0.3421216185419808
signsuisse_test,sockeye,606,deu,sgg,0.3153604533952271
signsuisse_test,sockeye,607,fra,fsl,0.2390228519951884
signsuisse_test,sockeye,608,deu,sgg,0.11942716980687745
signsuisse_test,sockeye,609,deu,sgg,0.13240860349612904
signsuisse_test,sockeye,610,ita,lse,0.28432613502830184
signsuisse_test,sockeye,611,deu,sgg,0.3538920607104788
signsuisse_test,sockeye,612,deu,sgg,0.19502112526725357
signsuisse_test,sockeye,613,ita,lse,0.11420675692351953
signsuisse_test,sockeye,614,deu,sgg,0.37800738436584963
signsuisse_test,sockeye,615,fra,fsl,0.2965567336795614
signsuisse_test,sockeye,616,deu,sgg,0.15405771287362757
signsuisse_test,sockeye,617,fra,fsl,0.35509595093377255
signsuisse_test,sockeye,618,fra,fsl,0.40903772116798054
signsuisse_test,sockeye,619,deu,sgg,0.233944126218351
signsuisse_test,sockeye,620,deu,sgg,0.18664241292553765
signsuisse_test,sockeye,621,ita,lse,0.19325574441713794
signsuisse_test,sockeye,622,ita,lse,0.362068668995603
signsuisse_test,sockeye,623,deu,sgg,0.13751210637544864
signsuisse_test,sockeye,624,fra,fsl,0.29405499577432687
signsuisse_test,sockeye,625,ita,lse,0.3360355034125356
signsuisse_test,sockeye,626,ita,lse,0.3059591150476301
signsuisse_test,sockeye,627,ita,lse,0.23651318211632566
signsuisse_test,sockeye,628,ita,lse,0.26947585097833143
signsuisse_test,sockeye,629,fra,fsl,0.265204213640646
signsuisse_test,sockeye,630,ita,lse,0.2173679839326555
signsuisse_test,sockeye,631,ita,lse,0.3309890507621182
signsuisse_test,sockeye,632,ita,lse,0.21183443180890218
signsuisse_test,sockeye,633,deu,sgg,0.1797891442842736
signsuisse_test,sockeye,634,ita,lse,0.21862750415837318
signsuisse_test,sockeye,635,deu,sgg,0.27570542276535365
signsuisse_test,sockeye,636,fra,fsl,0.25955350297882246
signsuisse_test,sockeye,637,fra,fsl,0.3017557646459387
signsuisse_test,sockeye,638,deu,sgg,0.2137982874890836
signsuisse_test,sockeye,639,ita,lse,0.24273451485474537
signsuisse_test,sockeye,640,deu,sgg,0.21162675746302387
signsuisse_test,sockeye,641,deu,sgg,0.33121111436724726
signsuisse_test,sockeye,642,fra,fsl,0.24992943632061945
signsuisse_test,sockeye,643,deu,sgg,0.20668465004970038
signsuisse_test,sockeye,644,fra,fsl,0.27247613815561184
signsuisse_test,sockeye,645,deu,sgg,0.24886011923154527
signsuisse_test,sockeye,646,fra,fsl,0.2912603894392593
signsuisse_test,sockeye,647,ita,lse,0.16117834225801145
signsuisse_test,sockeye,648,fra,fsl,0.25113415711949044
signsuisse_test,sockeye,649,ita,lse,0.1955856722578897
signsuisse_test,sockeye,650,deu,sgg,0.284808524189574
signsuisse_test,sockeye,651,ita,lse,0.3549693947953962
signsuisse_test,sockeye,652,ita,lse,0.1912269287929629
signsuisse_test,sockeye,653,fra,fsl,0.313931210303
signsuisse_test,sockeye,654,fra,fsl,0.3880447791492249
signsuisse_test,sockeye,655,deu,sgg,0.23599979217918488
signsuisse_test,sockeye,656,fra,fsl,0.2746898782064361
signsuisse_test,sockeye,657,deu,sgg,0.32553570324717934
signsuisse_test,sockeye,658,deu,sgg,0.2102052799675709
signsuisse_test,sockeye,659,deu,sgg,0.28154885792409123
signsuisse_test,sockeye,660,fra,fsl,0.24734518792995436
signsuisse_test,sockeye,661,deu,sgg,0.12529527292519638
signsuisse_test,sockeye,662,deu,sgg,0.2699879975892367
signsuisse_test,sockeye,663,fra,fsl,0.1924218246751488
signsuisse_test,sockeye,664,deu,sgg,0.5003707237075122
signsuisse_test,sockeye,665,fra,fsl,0.25351501850194286
signsuisse_test,sockeye,666,deu,sgg,0.28417936100757635
signsuisse_test,sockeye,667,deu,sgg,0.22361570209207132
signsuisse_test,sockeye,668,deu,sgg,0.3076708469561794
signsuisse_test,sockeye,669,ita,lse,0.28003700062561326
signsuisse_test,sockeye,670,deu,sgg,0.3809296460005699
signsuisse_test,sockeye,671,deu,sgg,0.443623235801973
signsuisse_test,sockeye,672,deu,sgg,0.15770785322679098
signsuisse_test,sockeye,673,deu,sgg,0.27397949450070547
signsuisse_test,sockeye,674,fra,fsl,0.24689040361854525
signsuisse_test,sockeye,675,fra,fsl,0.275842754207471
signsuisse_test,sockeye,676,ita,lse,0.29674009964481957
signsuisse_test,sockeye,677,fra,fsl,0.29362134061062545
signsuisse_test,sockeye,678,deu,sgg,0.19009210439763666
signsuisse_test,sockeye,679,deu,sgg,0.2727561575145976
signsuisse_test,sockeye,680,deu,sgg,0.34308127649167375
signsuisse_test,sockeye,681,deu,sgg,0.2754823681018123
signsuisse_test,sockeye,682,ita,lse,0.29758625405463135
signsuisse_test,sockeye,683,deu,sgg,0.16332135201541687
signsuisse_test,sockeye,684,fra,fsl,0.3292810701333649
signsuisse_test,sockeye,685,fra,fsl,0.30833865372939917
signsuisse_test,sockeye,686,fra,fsl,0.21793319266657368
signsuisse_test,sockeye,687,deu,sgg,0.18339898387956208
signsuisse_test,sockeye,688,deu,sgg,0.10587311320590656
signsuisse_test,sockeye,689,deu,sgg,0.21428391705120645
signsuisse_test,sockeye,690,deu,sgg,0.24662800506500937
signsuisse_test,sockeye,691,deu,sgg,0.23217724848601703
signsuisse_test,sockeye,692,deu,sgg,0.3271727967586014
signsuisse_test,sockeye,693,fra,fsl,0.37191105858149254
signsuisse_test,sockeye,694,deu,sgg,0.4058972310118928
signsuisse_test,sockeye,695,deu,sgg,0.20973422897774388
signsuisse_test,sockeye,696,ita,lse,0.2177017515937521
signsuisse_test,sockeye,697,fra,fsl,0.431492892265545
signsuisse_test,sockeye,698,fra,fsl,0.2698668559699092
signsuisse_test,sockeye,699,deu,sgg,0.2696354430857925
signsuisse_test,sockeye,700,deu,sgg,0.2386293649994927
signsuisse_test,sockeye,701,fra,fsl,0.35510942327281797
signsuisse_test,sockeye,702,deu,sgg,0.13351946978737536
signsuisse_test,sockeye,703,ita,lse,0.3380521968604251
signsuisse_test,sockeye,704,deu,sgg,0.24250347995655278
signsuisse_test,sockeye,705,deu,sgg,0.2679516206902114
signsuisse_test,sockeye,706,fra,fsl,0.2927876885604278
signsuisse_test,sockeye,707,ita,lse,0.16883120212480313
signsuisse_test,sockeye,708,ita,lse,0.1940226649788166
signsuisse_test,sockeye,709,ita,lse,0.1659615078496114
signsuisse_test,sockeye,710,deu,sgg,0.2419822991112853
signsuisse_test,sockeye,711,ita,lse,0.1768078402144649
signsuisse_test,sockeye,712,deu,sgg,0.29919524389325824
signsuisse_test,sockeye,713,fra,fsl,0.22199852993803681
signsuisse_test,sockeye,714,deu,sgg,0.1353335121258818
signsuisse_test,sockeye,715,fra,fsl,0.2907749778598361
signsuisse_test,sockeye,716,fra,fsl,0.27380518475099275
signsuisse_test,sockeye,717,deu,sgg,0.13026447638053615
signsuisse_test,sockeye,718,fra,fsl,0.23780647859843002
signsuisse_test,sockeye,719,deu,sgg,0.2677954760147044
signsuisse_test,sockeye,720,deu,sgg,0.25131060393664617
signsuisse_test,sockeye,721,ita,lse,0.40603607945948167
signsuisse_test,sockeye,722,ita,lse,0.27953318659632354
signsuisse_test,sockeye,723,fra,fsl,0.2788792991191112
signsuisse_test,sockeye,724,ita,lse,0.3188046613942069
signsuisse_test,sockeye,725,fra,fsl,0.25332058497049426
signsuisse_test,sockeye,726,fra,fsl,0.30835144280975646
signsuisse_test,sockeye,727,ita,lse,0.33913532911374367
signsuisse_test,sockeye,728,deu,sgg,0.13992797404474802
signsuisse_test,sockeye,729,ita,lse,0.3473646546746208
signsuisse_test,sockeye,730,fra,fsl,0.23815777519993475
signsuisse_test,sockeye,731,deu,sgg,0.2367166911574087
signsuisse_test,sockeye,732,deu,sgg,0.1430092494634097
signsuisse_test,sockeye,733,deu,sgg,0.24099569755199454
signsuisse_test,sockeye,734,fra,fsl,0.37028761380357333
signsuisse_test,sockeye,735,fra,fsl,0.23694234357391164
signsuisse_test,sockeye,736,deu,sgg,0.2366538721922078
signsuisse_test,sockeye,737,deu,sgg,0.23505926946389386
signsuisse_test,sockeye,738,fra,fsl,0.285087539646147
signsuisse_test,sockeye,739,deu,sgg,0.23298770662953833
signsuisse_test,sockeye,740,fra,fsl,0.33362317531079305
signsuisse_test,sockeye,741,deu,sgg,0.2815928916152449
signsuisse_test,sockeye,742,deu,sgg,0.25962518358573683
signsuisse_test,sockeye,743,ita,lse,0.41341638122530855
signsuisse_test,sockeye,744,deu,sgg,0.24746778407965034
signsuisse_test,sockeye,745,fra,fsl,0.28249822348289355
signsuisse_test,sockeye,746,deu,sgg,0.23248560928116674
signsuisse_test,sockeye,747,deu,sgg,0.16094829912738062
signsuisse_test,sockeye,748,deu,sgg,0.18656222440896805
signsuisse_test,sockeye,749,deu,sgg,0.19964636871088337
signsuisse_test,sockeye,750,deu,sgg,0.17154156490470135
signsuisse_test,sockeye,751,ita,lse,0.18597532530666974
signsuisse_test,sockeye,752,deu,sgg,0.14976331518500943
signsuisse_test,sockeye,753,ita,lse,0.1271580361072045
signsuisse_test,sockeye,754,ita,lse,0.16063440374361435
signsuisse_test,sockeye,755,fra,fsl,0.4990425399688741
signsuisse_test,sockeye,756,ita,lse,0.3137802751748357
signsuisse_test,sockeye,757,deu,sgg,0.13660912215709686
signsuisse_test,sockeye,758,fra,fsl,0.23370202822812589
signsuisse_test,sockeye,759,deu,sgg,0.29398755297847223
signsuisse_test,sockeye,760,deu,sgg,0.14031566825442865
signsuisse_test,sockeye,761,fra,fsl,0.31946501512958425
signsuisse_test,sockeye,762,deu,sgg,0.23622822307864336
signsuisse_test,sockeye,763,deu,sgg,0.24110251072828723
signsuisse_test,sockeye,764,deu,sgg,0.23221720960012499
signsuisse_test,sockeye,765,deu,sgg,0.29519673771348814
signsuisse_test,sockeye,766,deu,sgg,0.2984537512008586
signsuisse_test,sockeye,767,fra,fsl,0.15465592666203387
signsuisse_test,sockeye,768,fra,fsl,0.46834027111245347
signsuisse_test,sockeye,769,deu,sgg,0.21842764788305558
signsuisse_test,sockeye,770,deu,sgg,0.42266852357223783
signsuisse_test,sockeye,771,deu,sgg,0.3080466901881315
signsuisse_test,sockeye,772,ita,lse,0.2111955487043384
signsuisse_test,sockeye,773,deu,sgg,0.23722119397686722
signsuisse_test,sockeye,774,deu,sgg,0.17141370934105415
signsuisse_test,sockeye,775,fra,fsl,0.20401083635724807
signsuisse_test,sockeye,776,fra,fsl,0.2683869759349204
signsuisse_test,sockeye,777,ita,lse,0.25923178719599976
signsuisse_test,sockeye,778,ita,lse,0.19970332202468
signsuisse_test,sockeye,779,deu,sgg,0.3096855432391529
signsuisse_test,sockeye,780,ita,lse,0.23818622875706758
signsuisse_test,sockeye,781,deu,sgg,0.23623292965180673
signsuisse_test,sockeye,782,fra,fsl,0.232803096521481
signsuisse_test,sockeye,783,ita,lse,0.10427346343183505
signsuisse_test,sockeye,784,fra,fsl,0.2651857833006413
signsuisse_test,sockeye,785,fra,fsl,0.15055910817730983
signsuisse_test,sockeye,786,deu,sgg,0.38060718803487115
signsuisse_test,sockeye,787,deu,sgg,0.23906925496222647
signsuisse_test,sockeye,788,fra,fsl,0.24448287769420626
signsuisse_test,sockeye,789,deu,sgg,0.19169662124734593
signsuisse_test,sockeye,790,fra,fsl,0.26291138024591076
signsuisse_test,sockeye,791,fra,fsl,0.34935367771773357
signsuisse_test,sockeye,792,deu,sgg,0.21196064485513166
signsuisse_test,sockeye,793,fra,fsl,0.34720025218207506
signsuisse_test,sockeye,794,deu,sgg,0.3686961230186852
signsuisse_test,sockeye,795,ita,lse,0.2748605453564185
signsuisse_test,sockeye,796,deu,sgg,0.2933679734382931
signsuisse_test,sockeye,797,deu,sgg,0.13788177592465173
signsuisse_test,sockeye,798,deu,sgg,0.22805979527797
signsuisse_test,sockeye,799,ita,lse,0.32220414075542986
signsuisse_test,sockeye,800,deu,sgg,0.31088826064559905
signsuisse_test,sockeye,801,deu,sgg,0.23561560338452628
signsuisse_test,sockeye,802,deu,sgg,0.14067084570478455
signsuisse_test,sockeye,803,deu,sgg,0.18661908053493345
signsuisse_test,sockeye,804,ita,lse,0.3039663741303817
signsuisse_test,sockeye,805,deu,sgg,0.25762113892113153
signsuisse_test,sockeye,806,deu,sgg,0.14798183533934836
signsuisse_test,sockeye,807,deu,sgg,0.2894878779879955
signsuisse_test,sockeye,808,ita,lse,0.18040677469737987
signsuisse_test,sockeye,809,deu,sgg,0.2630754050658536
signsuisse_test,sockeye,810,deu,sgg,0.18654028708764278
signsuisse_test,sockeye,811,fra,fsl,0.24963887778595353
signsuisse_test,sockeye,812,deu,sgg,0.20145467482904547
signsuisse_test,sockeye,813,ita,lse,0.1611881467584231
signsuisse_test,sockeye,814,ita,lse,0.19688805816065316
signsuisse_test,sockeye,815,deu,sgg,0.3326852744473986
signsuisse_test,sockeye,816,deu,sgg,0.2405572292127478
signsuisse_test,sockeye,817,fra,fsl,0.27818112999675626
signsuisse_test,sockeye,818,fra,fsl,0.16348375003065352
signsuisse_test,sockeye,819,ita,lse,0.29280729688914986
signsuisse_test,sockeye,820,fra,fsl,0.18502696294748636
signsuisse_test,sockeye,821,deu,sgg,0.2634247220273093
signsuisse_test,sockeye,822,deu,sgg,0.18900558159790146
signsuisse_test,sockeye,823,deu,sgg,0.3389947847651334
signsuisse_test,sockeye,824,ita,lse,0.20339286129751147
signsuisse_test,sockeye,825,fra,fsl,0.34005342955354706
signsuisse_test,sockeye,826,ita,lse,0.272477019926887
signsuisse_test,sockeye,827,ita,lse,0.22290236265303304
signsuisse_test,sockeye,828,deu,sgg,0.4331728993076735
signsuisse_test,sockeye,829,fra,fsl,0.33221440078793174
signsuisse_test,sockeye,830,deu,sgg,0.20222563712533453
signsuisse_test,sockeye,831,fra,fsl,0.347841091165435
signsuisse_test,sockeye,832,fra,fsl,0.23285978199970137
signsuisse_test,sockeye,833,ita,lse,0.239798104172319
signsuisse_test,sockeye,834,fra,fsl,0.3193287232060531
signsuisse_test,sockeye,835,ita,lse,0.13579208070443793
signsuisse_test,sockeye,836,ita,lse,0.32098376500072695
signsuisse_test,sockeye,837,deu,sgg,0.087781764334693
signsuisse_test,sockeye,838,fra,fsl,0.26961577344208887
signsuisse_test,sockeye,839,deu,sgg,0.305156494226181
signsuisse_test,sockeye,840,fra,fsl,0.2571214061555895
signsuisse_test,sockeye,841,deu,sgg,0.1765196063317813
signsuisse_test,sockeye,842,deu,sgg,0.21926825340414244
signsuisse_test,sockeye,843,deu,sgg,0.24723829310070883
signsuisse_test,sockeye,844,fra,fsl,0.44890920156428227
signsuisse_test,sockeye,845,fra,fsl,0.3842066383660501
signsuisse_test,sockeye,846,fra,fsl,0.26656159340066027
signsuisse_test,sockeye,847,fra,fsl,0.15998359389453487
signsuisse_test,sockeye,848,fra,fsl,0.3854090545873829
signsuisse_test,sockeye,849,fra,fsl,0.22651567887177113
signsuisse_test,sockeye,850,deu,sgg,0.17408314138617426
signsuisse_test,sockeye,851,fra,fsl,0.18310014047647694
signsuisse_test,sockeye,852,deu,sgg,0.3926936161674924
signsuisse_test,sockeye,853,ita,lse,0.3082830383663398
signsuisse_test,sockeye,854,deu,sgg,0.1689303935159014
signsuisse_test,sockeye,855,ita,lse,0.11871067434549332
signsuisse_test,sockeye,856,deu,sgg,0.19047963201539977
signsuisse_test,sockeye,857,deu,sgg,0.15553880464556913
signsuisse_test,sockeye,858,ita,lse,0.11513925417668679
signsuisse_test,sockeye,859,fra,fsl,0.3828645917330236
signsuisse_test,sockeye,860,deu,sgg,0.21578698194313659
signsuisse_test,sockeye,861,ita,lse,0.24432227460743608
signsuisse_test,sockeye,862,deu,sgg,0.4976709763468232
signsuisse_test,sockeye,863,deu,sgg,0.14474868162761756
signsuisse_test,sockeye,864,ita,lse,0.28550166562055995
signsuisse_test,sockeye,865,deu,sgg,0.2300271248145848
signsuisse_test,sockeye,866,ita,lse,0.2715061866325922
signsuisse_test,sockeye,867,deu,sgg,0.16604707754116135
signsuisse_test,sockeye,868,fra,fsl,0.25796089455523186
signsuisse_test,sockeye,869,deu,sgg,0.2745444331246957
signsuisse_test,sockeye,870,deu,sgg,0.2647189894501274
signsuisse_test,sockeye,871,ita,lse,0.25093572521763036
signsuisse_test,sockeye,872,fra,fsl,0.29430286001419004
signsuisse_test,sockeye,873,fra,fsl,0.33463521076757574
signsuisse_test,sockeye,874,deu,sgg,0.42711591721728015
signsuisse_test,sockeye,875,deu,sgg,0.31437534256290334
signsuisse_test,sockeye,876,ita,lse,0.2592102654309288
signsuisse_test,sockeye,877,fra,fsl,0.33634721413948543
signsuisse_test,sockeye,878,deu,sgg,0.18879093276058237
signsuisse_test,sockeye,879,deu,sgg,0.11057010488660977
signsuisse_test,sockeye,880,fra,fsl,0.24558113251137942
signsuisse_test,sockeye,881,deu,sgg,0.23222102003365644
signsuisse_test,sockeye,882,fra,fsl,0.37506465607646255
signsuisse_test,sockeye,883,ita,lse,0.11141880637761298
signsuisse_test,sockeye,884,ita,lse,0.3639994362631137
signsuisse_test,sockeye,885,ita,lse,0.49087262835674084
signsuisse_test,sockeye,886,deu,sgg,0.1685835827211886
signsuisse_test,sockeye,887,deu,sgg,0.35725513781938073
signsuisse_test,sockeye,888,fra,fsl,0.3942985535281733
signsuisse_test,sockeye,889,deu,sgg,0.13802317038680686
signsuisse_test,sockeye,890,deu,sgg,0.16257363926706728
signsuisse_test,sockeye,891,deu,sgg,0.1896653171959873
signsuisse_test,sockeye,892,ita,lse,0.25113711510970566
signsuisse_test,sockeye,893,deu,sgg,0.12145611244134762
signsuisse_test,sockeye,894,fra,fsl,0.3384316774022294
signsuisse_test,sockeye,895,fra,fsl,0.3082446540789569
signsuisse_test,sockeye,896,deu,sgg,0.1510396699371729
signsuisse_test,sockeye,897,deu,sgg,0.14814926408003704
signsuisse_test,sockeye,898,deu,sgg,0.4055258253490938
signsuisse_test,sockeye,899,ita,lse,0.33643890449567454
signsuisse_test,sockeye,900,deu,sgg,0.3122293060702667
signsuisse_test,sockeye,901,deu,sgg,0.36873037263076197
signsuisse_test,sockeye,902,deu,sgg,0.3040770944415093
signsuisse_test,sockeye,903,deu,sgg,0.3281789177525327
signsuisse_test,sockeye,904,ita,lse,0.15578766657729273
signsuisse_test,sockeye,905,ita,lse,0.12813592476137176
signsuisse_test,sockeye,906,deu,sgg,0.19820996263659155
signsuisse_test,sockeye,907,deu,sgg,0.14265482688907621
signsuisse_test,sockeye,908,deu,sgg,0.22012155373474943
signsuisse_test,sockeye,909,fra,fsl,0.27933855902400945
signsuisse_test,sockeye,910,ita,lse,0.15720593929290771
signsuisse_test,sockeye,911,deu,sgg,0.20737914212922334
signsuisse_test,sockeye,912,ita,lse,0.27107559533604675
signsuisse_test,sockeye,913,ita,lse,0.1928297836041149
signsuisse_test,sockeye,914,deu,sgg,0.300138505055455
signsuisse_test,sockeye,915,deu,sgg,0.2875568402482952
signsuisse_test,sockeye,916,deu,sgg,0.1350232852385023
signsuisse_test,sockeye,917,deu,sgg,0.31186168368896494
signsuisse_test,sockeye,918,deu,sgg,0.2592206124914034
signsuisse_test,sockeye,919,fra,fsl,0.41147231295748116
signsuisse_test,sockeye,920,ita,lse,0.21964661206351468
signsuisse_test,sockeye,921,deu,sgg,0.28308525660541917
signsuisse_test,sockeye,922,deu,sgg,0.2012309324433555
signsuisse_test,sockeye,923,deu,sgg,0.18817921572621923
signsuisse_test,sockeye,924,fra,fsl,0.3986946109750475
signsuisse_test,sockeye,925,fra,fsl,0.2481100917340454
signsuisse_test,sockeye,926,ita,lse,0.31121037183889266
signsuisse_test,sockeye,927,fra,fsl,0.18238777274678158
signsuisse_test,sockeye,928,fra,fsl,0.26375241572994107
signsuisse_test,sockeye,929,ita,lse,0.2409387350212602
signsuisse_test,sockeye,930,fra,fsl,0.36883715734738176
signsuisse_test,sockeye,931,deu,sgg,0.30745638841681694
signsuisse_test,sockeye,932,ita,lse,0.2557836943011353
signsuisse_test,sockeye,933,fra,fsl,0.3055230902205428
signsuisse_test,sockeye,934,ita,lse,0.11524304747581482
signsuisse_test,sockeye,935,fra,fsl,0.36454305103506063
signsuisse_test,sockeye,936,deu,sgg,0.2716613676723252
signsuisse_test,sockeye,937,deu,sgg,0.2906499219185219
signsuisse_test,sockeye,938,ita,lse,0.3296586823405487
signsuisse_test,sockeye,939,ita,lse,0.21083278857689083
signsuisse_test,sockeye,940,deu,sgg,0.35312406158016246
signsuisse_test,sockeye,941,fra,fsl,0.3359455415436205
signsuisse_test,sockeye,942,deu,sgg,0.20600933589138398
signsuisse_test,sockeye,943,deu,sgg,0.10714418330474859
signsuisse_test,sockeye,944,fra,fsl,0.26432332687438503
signsuisse_test,sockeye,945,fra,fsl,0.260855644457848
signsuisse_test,sockeye,946,deu,sgg,0.4201607917516596
signsuisse_test,sockeye,947,deu,sgg,0.19243117162210102
signsuisse_test,sockeye,948,ita,lse,0.3297885875229002
signsuisse_test,sockeye,949,deu,sgg,0.3811026086709497
signsuisse_test,sockeye,950,ita,lse,0.17201303122384887
signsuisse_test,sockeye,951,deu,sgg,0.49797238522209236
signsuisse_test,sockeye,952,ita,lse,0.31860617518102285
signsuisse_test,sockeye,953,deu,sgg,0.15663595132430844
signsuisse_test,sockeye,954,ita,lse,0.24164277562083988
signsuisse_test,sockeye,955,deu,sgg,0.20857503118125922
signsuisse_test,sockeye,956,deu,sgg,0.2613974720408845
signsuisse_test,sockeye,957,deu,sgg,0.20532758690763192
signsuisse_test,sockeye,958,deu,sgg,0.10195152343144302
signsuisse_test,sockeye,959,deu,sgg,0.13782323146424777
signsuisse_test,sockeye,960,deu,sgg,0.18861315116954488
signsuisse_test,sockeye,961,ita,lse,0.29954829796253135
signsuisse_test,sockeye,962,deu,sgg,0.21556035482163177
signsuisse_test,sockeye,963,deu,sgg,0.11970662547684813
signsuisse_test,sockeye,964,deu,sgg,0.3853975964460171
signsuisse_test,sockeye,965,fra,fsl,0.32496720270856017
signsuisse_test,sockeye,966,fra,fsl,0.3588487499055365
signsuisse_test,sockeye,967,fra,fsl,0.345366923994042
signsuisse_test,sockeye,968,ita,lse,0.18442178759307978
signsuisse_test,sockeye,969,deu,sgg,0.11990325063171725
signsuisse_test,sockeye,970,fra,fsl,0.2826192067957284
signsuisse_test,sockeye,971,deu,sgg,0.18211379728479452
signsuisse_test,sockeye,972,ita,lse,0.2129646990149399
signsuisse_test,sockeye,973,ita,lse,0.3143994024818899
signsuisse_test,sockeye,974,deu,sgg,0.2959491805397576
signsuisse_test,sockeye,975,ita,lse,0.14002129839326324
signsuisse_test,sockeye,976,deu,sgg,0.28296562521264246
signsuisse_test,sockeye,977,deu,sgg,0.3321441907392852
signsuisse_test,sockeye,978,deu,sgg,0.3036914075847499
signsuisse_test,sockeye,979,deu,sgg,0.25987338134188065
signsuisse_test,sockeye,980,deu,sgg,0.2034943394346747
signsuisse_test,sockeye,981,deu,sgg,0.21715014682270026
signsuisse_test,sockeye,982,deu,sgg,0.2133314949388272
signsuisse_test,sockeye,983,ita,lse,0.3474371428346421
signsuisse_test,sockeye,984,fra,fsl,0.24096131416753294
signsuisse_test,sockeye,985,deu,sgg,0.27950561035691845
signsuisse_test,sockeye,986,deu,sgg,0.2165644234282774
signsuisse_test,sockeye,987,deu,sgg,0.15940374215075445
signsuisse_test,sockeye,988,ita,lse,0.2694927466835629
signsuisse_test,sockeye,989,ita,lse,0.09512881872381705
signsuisse_test,sockeye,990,deu,sgg,0.2555033160554863
signsuisse_test,sockeye,991,deu,sgg,0.2609908249062615
signsuisse_test,sockeye,992,fra,fsl,0.1388597913281344
signsuisse_test,sockeye,993,fra,fsl,0.28627544478847516
signsuisse_test,sockeye,994,fra,fsl,0.3682081588869789
signsuisse_test,sockeye,995,ita,lse,0.2749389131034506
signsuisse_test,sockeye,996,fra,fsl,0.34031690333338604
signsuisse_test,sockeye,997,fra,fsl,0.2943242662875881
signsuisse_test,sockeye,998,ita,lse,0.2291894957715871
signsuisse_test,sockeye,999,fra,fsl,0.29336211688943387
