sentence_id,sign_mt,sign_mt_path_norm,sign_mt_ref_norm
0,1.410719293259578,0.0018416700956391358,0.007271748934327722
1,1.148287074234561,0.0018855288575280148,0.009649471212055134
2,3.139429769377015,0.009872420658418285,0.023428580368485184
3,2.2217900129136035,0.0042400572765526785,0.008781778707168394
4,1.2057286628965014,0.0024066440377175677,0.006413450334555858
5,0.7219036640176808,0.0026061504116161763,0.007598985937028219
6,0.8283388255902899,0.003907258611274953,0.010757647085588181
7,0.8935386035618181,0.0021635317277525863,0.007091576218744588
8,1.0478990634115162,0.0024656448550859204,0.010803083127953776
9,1.4087318671872633,0.001561786992447077,0.009920646952022981
10,0.8815445427751978,0.001735323903100783,0.008238734044628016
11,1.2847389085490035,0.0072996528894829745,0.011679444623172759
12,1.6222106404878343,0.0021543301998510414,0.009165031867162905
13,1.6754671074959138,0.0008461955088363201,0.007129647265940058
14,1.0440295237374484,0.00355112082903894,0.009578252511352737
15,1.5844368714036345,0.004305534976640311,0.011736569417804701
16,1.3935090347232908,0.0030227961707663576,0.008764207765555289
17,0.8374253796176546,0.0024414734099640076,0.006542385778262927
18,1.2404539010437565,0.0062022695052187824,0.009326721060479373
19,1.1960369212001616,0.003082569384536499,0.012330277538145995
20,1.0883283578911351,0.005668376864016329,0.008569514629064056
21,1.108962866473032,0.0009618064756921353,0.007492992341034
22,0.7335917083024389,0.002445305694341463,0.009169896353780486
23,1.174467296100636,0.0016022746195097353,0.00793558983851781
24,1.3763553896931313,0.0012661963106652542,0.007094615410789337
25,0.7843873476226507,0.004587060512413162,0.009015946524398284
26,1.3635859233408434,0.0028467347042606334,0.008469477784725735
27,1.6135154065388655,0.0015574473036089435,0.009115906251632009
28,0.7509041123271041,0.0022085415068444237,0.007741279508526846
29,1.0973294499413293,0.001959516874895231,0.009975722272193902
30,1.2868979720962046,0.0030567647793259016,0.009462485088942681
31,2.129813102926404,0.003468750981964827,0.011268852396436
32,1.156485650960175,0.0021181055878391484,0.012046725530835157
33,1.8940420115787173,0.003382217877819138,0.01246080270775472
34,1.296195530366319,0.0033493424557269227,0.010801629419719325
35,1.3499340683124386,0.0022498901138540642,0.010226773244791201
36,0.9669450975321299,0.0029301366591882724,0.008194449979085847
37,1.2652738482664785,0.003966375699894917,0.007313721666280222
38,1.4474220920736447,0.003462732277688145,0.013158382655214951
39,1.215583543982793,0.002648330161182555,0.0119174857253215
40,1.1979490282395753,0.0034325187055575224,0.006964819931625438
41,1.3751555609426136,0.0019987726176491478,0.0059789372214896245
42,0.7323581818093217,0.003736521335761845,0.006481045856719661
43,0.7720703925106707,0.004042253363930213,0.006832481349651953
44,1.3755553369845197,0.0016653212312161254,0.006742918318551568
45,1.0695715842126994,0.0012524257426378212,0.013369644802658742
46,1.7487821384238802,0.004286230731431079,0.008288067006748247
47,1.4475017606338132,0.0029008051315306876,0.014922698563235188
48,0.8058131978639576,0.0019140456006269775,0.007325574526035977
49,1.9340291914466738,0.0014024867233115837,0.01039800640562728
50,1.0831492488904122,0.0019693622707098405,0.008806091454393596
51,1.0391561123430635,0.0020415640714009104,0.007318000791148334
52,0.7661655172844096,0.0032464640562898713,0.006280045223642702
53,1.208192431755696,0.0016527940242895979,0.00604096215877848
54,1.427445459320859,0.0015266796356372824,0.008019356513038534
55,1.4357671529537082,0.002105230429550892,0.008157767914509706
56,0.8119151495169538,0.00144726408113539,0.006059068279977267
57,1.1340055955730732,0.0013695719753297987,0.005670027977865366
58,2.3398523146142987,0.00358323478501424,0.008068456257290685
59,1.183637729369107,0.003066418988002868,0.009035402514267992
60,1.7863967432731076,0.0013553844789629041,0.010207981390132043
61,0.8536955679504207,0.0023779820834273556,0.006516760060690234
62,1.4623184255714126,0.001040796032435169,0.009314130099180971
63,1.2021098518971973,0.0038283753245133673,0.009391483217946854
64,1.4870055714366321,0.0017894170534736849,0.01416195782320602
65,2.1996370353786068,0.002150182830282118,0.008363638917789379
66,0.7715717988568279,0.002352353045295207,0.008121808409019242
67,1.1266961832874807,0.0033936632026731347,0.010529870871845613
68,0.9097496457863727,0.007107419107706037,0.010338064156663327
69,1.455397796401415,0.0023898157576377915,0.011370295284386055
70,1.5081798757772746,0.0028243068834780424,0.012890426288694655
71,1.6831769656973106,0.002710429896452996,0.009299320252471328
72,0.8849945985880252,0.0037499771126611237,0.0074999542253222475
73,1.863709715174575,0.002442607752522379,0.00891727136447165
74,1.672494697931317,0.0035737066195113613,0.006854486466931628
75,1.6218808425079405,0.0017590898508762912,0.010531693782519095
76,1.3977702418998679,0.0028467825700608305,0.011457133130326785
77,1.4202959354738947,0.004140804476600276,0.013399018259187686
78,1.232057737300827,0.0022401049769105947,0.007377591241322317
79,1.1748819151582044,0.003445401510727872,0.010680744683256404
80,0.9270746910432106,0.002784008081210843,0.00996854506498076
81,0.9436622065026438,0.0023072425586861704,0.007997137343242743
82,1.2234857196503,0.002642517753024406,0.008802055537052518
83,0.8268674514224864,0.002793471119670562,0.007382745101986486
84,1.3973899960572238,0.0011812256940466812,0.010832480589590882
85,1.3063376069842403,0.0029029724599649786,0.007594986087117676
86,1.3792204459978972,0.002928281201694049,0.008729243329100614
87,1.461543020180004,0.0022872347733646384,0.012281874119159698
88,0.8013196738514224,0.004686079964043406,0.006514794096353028
89,0.6263830392397541,0.003314195974813514,0.006327101406462163
90,1.5968720143342772,0.0019356024416173057,0.008404589549127775
91,1.290809365839871,0.00531197269892951,0.008381878998960202
92,1.3225031258918185,0.005125981108107824,0.009796319451050507
93,0.9934304440013315,0.0035606825949868514,0.005984520746995973
94,1.381217844453228,0.003153465398295041,0.008270765535648072
95,0.9472198295531491,0.0021002656974570934,0.005604851062444669
96,1.0801893134751104,0.0024111368604355144,0.008711204140928309
97,1.3491372999067823,0.0013424251740365993,0.008485140250986052
98,1.325623982013268,0.0021983813963735786,0.012274296129752482
99,1.14689950805549,0.004110750924930072,0.0118237062686133
100,1.4762991182340444,0.0040557668083352864,0.009112957519963237
101,1.3940394688174655,0.0022667308436056352,0.007223002429106039
102,1.2329317592062465,0.0025264995065701775,0.007382824905426626
103,1.087933270512064,0.0030907195185001816,0.010361269242972038
104,1.6370040842043985,0.003670412744852911,0.008848670725429181
105,1.4244622525521187,0.0036524673142362017,0.005985135514924868
106,1.4098617474103894,0.0020612013851029082,0.007381475117331881
107,1.563868230070391,0.001962193513262724,0.008885614943581767
108,1.4982383916095618,0.009248385133392358,0.00979240778829779
109,1.5825661562419502,0.0014599318784519835,0.008554411655361893
110,1.291847166253283,0.0014883031869277455,0.006240807566440981
111,1.065775494541949,0.001966375451184408,0.010987376232391228
112,0.7136964673370938,0.002755584815973335,0.010652186079658116
113,1.2831964802794351,0.003888474182664955,0.008911086668607189
114,1.2136332802498482,0.0014710706427270887,0.008923774119484178
115,0.6376576908690924,0.002500618395565068,0.006376576908690924
116,0.5452709784531774,0.005398722558942351,0.007902477948596774
117,1.4418064155723807,0.0030940051836317183,0.006058010149463784
118,0.9264199949897873,0.001761254743326592,0.007720166624914895
119,1.5616998962348618,0.0018372939955704256,0.010411332641565746
120,1.9319797877473897,0.002558913626155483,0.01170896841059024
121,1.4873866893459298,0.005925843383848326,0.010856837148510436
122,0.70857237226947,0.0017803325936418845,0.007458656550204948
123,2.802358339146033,0.002681682621192376,0.006159029316804468
124,1.0076729855945,0.0011000796785966156,0.006586097945062091
125,0.9221634659209915,0.002352457821227019,0.0074368021445241255
126,0.822288306148206,0.0018946735164705208,0.008477199032455732
127,0.9944380124220281,0.003078755456414948,0.006719175759608298
128,2.094991425394846,0.0037544649200624476,0.017032450612966227
129,1.0247060491266078,0.0023183394776620085,0.0110183446142646
130,1.4416707149870276,0.001980316916190972,0.007032540073107452
131,0.8016106225680293,0.0017201944690301057,0.007634386881600279
132,2.577948029506341,0.007582200086783356,0.014087147702220443
133,1.2733332754256532,0.0028550073440037067,0.0096464642077701
134,1.2571696865956448,0.0019430752497614293,0.006317435611033391
135,1.2659142076298546,0.0018616385406321392,0.00867064525773873
136,0.7719109226296249,0.0023462338073848782,0.007797080026561868
137,2.5938845420808425,0.002379710589064993,0.007496776133181626
138,1.4541388518317873,0.0029615862562765525,0.009694259012211916
139,1.5950029870430087,0.00220608988526004,0.008484058441718132
140,1.7204644379025784,0.0048738369345682105,0.015091793314934899
141,1.157718996391554,0.002124255039250558,0.008210773024053574
142,2.4680299620141857,0.0028013960976324467,0.008337939060858736
143,1.697201465018773,0.004190620901280921,0.013577611720150184
144,1.1564729910916296,0.004205356331242289,0.0071830620564697495
145,1.325423225022685,0.0018408655903092846,0.008606644318329124
146,1.3172454184040825,0.0037421744841025072,0.010886325771934565
147,1.2361325116014483,0.0011531086861953808,0.0072288450970844935
148,0.7510094061453735,0.00320944190660416,0.006953790797642347
149,0.9670736729630918,0.0013050926760635516,0.006715789395577026
150,1.5351178923186461,0.0018362654214337873,0.00724112213357852
151,1.7847674360954098,0.0040379353757814705,0.006864490138828499
152,0.7275866445230499,0.00420570314753208,0.0068640249483306595
153,0.723810317977433,0.0019939678181196503,0.00851541550561686
154,1.0145127914454115,0.003547247522536404,0.00975493068697511
155,1.7886058149151285,0.0027730322711862457,0.008020653878543177
156,2.143109763389706,0.004020843833751794,0.011584377099403817
157,1.7347822451710262,0.004062721885646431,0.007710143311871228
158,1.8161818109773378,0.001478975416105324,0.01335427802189219
159,0.911750011470507,0.002181220123135184,0.007535124061739728
160,0.778096798164976,0.001950117288634025,0.006031758125309892
161,0.8905208293155878,0.0020855288742753814,0.0065001520387999116
162,1.2096384386682235,0.0011390192454503046,0.005705841691831243
163,1.536268962955692,0.0028823057466335687,0.013358860547440801
164,0.9363062336874174,0.0018726124673748349,0.007372490029034782
165,1.2739874772099669,0.002381285004130779,0.010442520304999729
166,1.029120924716095,0.0025100510358929146,0.007796370641788599
167,1.4128199991343864,0.004192344211081265,0.0063355156911855896
168,1.5836107053218302,0.0033129931073678457,0.010487488114714108
169,0.6363721053566436,0.002959870257472761,0.00909103007652348
170,1.4399114361239422,0.003617867929959654,0.010991690352091162
171,1.0794530276128458,0.0023934656931548686,0.0074445036387092815
172,1.4097553455907574,0.002318676555247956,0.007919973851633469
173,1.5400508524367726,0.003086274253380306,0.00850856824550703
174,1.1453607125457552,0.0065077313212827,0.0085474680040728
175,2.6597159911815704,0.0023454285636521784,0.00689045593570355
176,1.200374674979627,0.0032886977396702106,0.00857410482128305
177,1.0788968545847752,0.005065243448754813,0.007991828552479817
178,1.6044898153458553,0.0062431510324741455,0.01084114740098551
179,1.347571664488824,0.0016196774813567597,0.012031889861507357
180,0.9157094291686405,0.00327039081845943,0.0073847534610374235
181,1.5998622600478292,0.004493995112493902,0.010525409605577823
182,1.2764251432694187,0.0012563239599108452,0.007977657145433867
183,1.3879038767010736,0.0035496262831229506,0.009984919976266717
184,0.9494432865682614,0.004335357472914436,0.007846638731969103
185,1.1771392525588726,0.0026452567473233095,0.00980949377132394
186,0.7783857149937627,0.0044226461079191065,0.008648730166597365
187,0.9404855117811941,0.0019038168254680043,0.009404855117811941
188,1.1214372089334979,0.0015341138289103938,0.006445041430652287
189,0.7343383222546681,0.0036353382289835054,0.006799428909765446
190,0.9332218203930884,0.001866443640786177,0.009149233533265572
191,2.355195026986038,0.0030002484420204307,0.009199980574164211
192,1.1345254700842102,0.002707698019294058,0.0069602789575718416
193,1.3556069696596318,0.001961804587061696,0.009159506551754269
194,1.728660354999657,0.00243130851617392,0.008819695688773761
195,0.8227320581734203,0.002970151834561084,0.009244180428914835
196,0.6864243791344896,0.0026918603103313317,0.0050472380818712475
197,1.2495546766488677,0.0023892058826938197,0.009839013201959589
198,1.4213630815373905,0.002140607050508118,0.010080589230761635
199,1.4597645780942308,0.0022218638935985247,0.01640184919207001
200,1.3033402012029944,0.0017081785074744356,0.009873789403052988
201,0.8373896561643797,0.001956517888234532,0.004868544512583603
202,0.8922389774370606,0.00355473696190064,0.008922389774370605
203,1.417559180531028,0.0038312410284622378,0.011340473444248223
204,1.1269975545881628,0.0044195982532869126,0.010062478165965739
205,1.229954531839736,0.0013398197514594074,0.007499722755120342
206,1.2694174392822757,0.002814672814373117,0.008189789930853392
207,1.4677148931768387,0.001422204353853526,0.006409235341383575
208,1.8171180282167765,0.0028935000449311727,0.009717208707041585
209,0.903649908312504,0.0012817729195922043,0.00728749926058471
210,1.2351057117908502,0.0020017920774568075,0.0084020796720466
211,1.148859941371283,0.0034813937617311605,0.011046730205493106
212,1.2825810883851327,0.002375150163676172,0.009294065857863281
213,0.5967466158234618,0.004005010844452764,0.007459332697793272
214,0.7964919776053699,0.004022686755582676,0.008127469159238468
215,1.0875940987187553,0.003565882290881165,0.009710661595703173
216,1.0900871917364885,0.0026204019032127126,0.008385286090280681
217,1.299876117344845,0.0038344428240260913,0.01203588997541523
218,2.580224562022255,0.002150187135018546,0.005972742041718182
219,0.9638974925798129,0.0028773059479994417,0.010040598881039718
220,1.938490012522685,0.004046952009441931,0.01900480404434005
221,0.6460619825877021,0.001271775556275004,0.006660432810182496
222,1.6822945167561183,0.0024849254309543844,0.011215296778374122
223,0.8826751019701475,0.0040121595544097615,0.005694678077226758
224,1.018944118183265,0.0019595079195832018,0.007492236163112243
225,1.4201797439301524,0.004011807186243369,0.012242928826984073
226,1.5314405599962968,0.0014140725392394245,0.012058587086585014
227,2.261593750256151,0.0042272780378619645,0.010096400670786388
228,1.0050848372243715,0.002624242394841701,0.008517668112070945
229,1.4754524672369542,0.0019831350366088093,0.011709940216166304
230,2.314545877894361,0.005714928093566323,0.009724982680228408
231,1.1232787654663414,0.0035773209091284758,0.009283295582366458
232,0.8894512136434486,0.0011417858968465321,0.006841932412641912
233,1.1973312175508597,0.003552911624779999,0.013014469755987605
234,0.8679782641692002,0.0017713842125902045,0.007613844422536844
235,1.1356607141312218,0.0022896385365548826,0.006641290725913578
236,1.193911748798097,0.003927341278941109,0.010853743170891791
237,0.9620209266344754,0.0026213104267969354,0.008589472559236387
238,1.1980188238821738,0.0018748338401911953,0.01288192283744273
239,0.9357830000547386,0.0030186548388862534,0.006684164286105275
240,1.409563412960311,0.004762038557298348,0.013297768046795387
241,1.248880962723014,0.001080346853566621,0.008612972156710441
242,0.9076691450081482,0.0029956077393008193,0.010805585059620811
243,1.1773946097787433,0.0027703402583029255,0.010419421325475605
244,0.8826171406961766,0.004503148677021309,0.0094905068892062
245,1.2021967960036215,0.003138895028730082,0.011131451814848347
246,0.9040543727784269,0.003705140872042733,0.009516361818720283
247,0.8397074000008926,0.0013543667741949881,0.007238856896559419
248,1.5445378944631791,0.002368923151017146,0.007534331192503313
249,1.6365320886682095,0.004558585205203926,0.005803305278965282
250,1.5172876697955155,0.004489016774542946,0.01431403462071241
251,1.0547544209984767,0.002971139214080216,0.007812995711099828
252,1.280303321412417,0.001847479540277658,0.010081128515058402
253,1.9712044127405395,0.0023355502520622505,0.013141362751603597
254,1.789674243673765,0.005248311565025704,0.01217465471886915
255,0.9334973803042249,0.004112323261252092,0.009723931044835677
256,1.269460904800262,0.005877133818519732,0.00764735484819435
257,1.1620360133248118,0.0021439778843631214,0.010104660985433146
258,1.2367287683578485,0.0014532652977178007,0.006947914428976677
259,1.0885766368978396,0.0028056098889119576,0.007888236499259706
260,1.9307019732886492,0.003411134228425175,0.014408223681258577
261,0.9853246671048079,0.0022547475219789653,0.007298701237813392
262,1.264260794511118,0.003426181014935279,0.006550574064824445
263,0.8021564704461855,0.0029383020895464673,0.006915141986605048
264,1.1727127515321558,0.001909955621387876,0.010758832582863816
265,0.7436247877657178,0.0013951684573465625,0.006760225343324708
266,1.2727557029048215,0.005785253195021916,0.009498176887349415
267,0.9414723675293096,0.001705565883205271,0.008637361169993666
268,1.4009825484807794,0.0021194894833294698,0.009729045475560968
269,1.2275293726879788,0.0024848772726477303,0.009979913599089259
270,1.708861277614242,0.0024552604563423015,0.007462276321459572
271,0.644905383449836,0.003524073133605661,0.0063226017985278035
272,0.6065811375930842,0.0023510896805933497,0.006593273234707437
273,0.9646271269988798,0.0021774878713292996,0.007363565854953281
274,2.8990453427159935,0.0029948815523925553,0.005684402632776458
275,1.2362221433474496,0.00321932849830065,0.01013296838809385
276,1.5131868786753502,0.0008179388533380271,0.006439093100746171
277,0.7184928537315078,0.0007784321275530962,0.005702324235964348
278,1.608876402557647,0.0012953916284683148,0.007810079624066248
279,0.6704583447758152,0.0016595503583559782,0.008176321277753845
280,1.2661271882921237,0.005729082299964361,0.011944596115963432
281,1.640859731550978,0.0017145869713176365,0.009270393963564848
282,1.022540771197669,0.0026018849139889796,0.010024909521545776
283,1.5318867587374312,0.0034424421544661373,0.009634507916587617
284,1.4001259221669264,0.0022990573434596494,0.010448700911693481
285,1.1971710907186726,0.0019919652091824835,0.006688106652059623
286,1.2399119728185917,0.0034251711956314688,0.009686812287645247
287,1.619797251851864,0.0017664092168504515,0.008306652573599303
288,1.346297457375384,0.0021926668686895506,0.007521214845672537
289,1.1862232963958874,0.0014257491543219801,0.008412931180112677
290,1.275054589714618,0.0023267419520339745,0.010451267128808344
291,1.5819561138938876,0.004943612855918399,0.007256679421531595
292,1.0833247368407324,0.0030092353801131457,0.008463474506568222
293,1.4144050395715488,0.00459222415445308,0.006314308212372986
294,1.5239738192192178,0.0018539827484418709,0.011722875532455521
295,1.3363432221768898,0.001719875446817104,0.010359249784316975
296,1.3928424774894086,0.001258213620134967,0.009808749841474708
297,1.8343697746232004,0.003057282957705334,0.010134639638802212
298,1.0518981494845483,0.004738279952633101,0.006224249405234013
299,0.8588443587899303,0.0015643795242075232,0.009335264769455764
300,1.4651413331438288,0.0032850702536857145,0.009044082303356968
301,1.0730709765994795,0.00211651080197136,0.0062387847476713925
302,1.4821406532674373,0.002988186800942414,0.008718474430984925
303,1.6681113174682203,0.004389766624916369,0.009216084626896244
304,0.9677787139685528,0.0014775247541504622,0.006451858093123685
305,1.5115312404946724,0.002680019929955093,0.008491748542104901
306,1.2589227866827302,0.0026227558055890213,0.007723452679035154
307,1.458204819598911,0.00309597626241807,0.009593452760519152
308,0.9289885461241816,0.0025662667020005018,0.009289885461241815
309,1.6073223833544765,0.002965539452683536,0.013067661653288426
310,1.0012154091644736,0.00152391995306617,0.00848487634885147
311,0.9009526479841051,0.0011685507755954672,0.008580501409372429
312,1.774659152860656,0.003961292751921107,0.0076493929002614475
313,1.1735528552148344,0.0016837200218290306,0.00782368570143223
314,1.4952969795992734,0.003719644227858889,0.0055587248312240645
315,1.3145255554231974,0.0034321816068490795,0.007778257724397618
316,1.2083075032815216,0.005492306833097826,0.008164239887037308
317,1.3451686421068765,0.0017983537996081236,0.005468165211816571
318,1.4411297036129624,0.005221484433380299,0.00735270256945389
319,2.333692545494735,0.005117746810295471,0.01422983259448009
320,1.5820235854937266,0.002984950161308918,0.010272880425283938
321,0.9948466823094428,0.0019468623919949959,0.006336603072034668
322,1.4130550820727446,0.00162794364294095,0.007850306011515247
323,1.637880737621347,0.004775162500353781,0.008530628841777849
324,0.9611159231301876,0.003070657901374401,0.005755185168444237
325,1.200434104251654,0.002256455083179801,0.009094197759482227
326,1.405725536349654,0.0030625828678641697,0.0067909446200466374
327,1.4088348859840203,0.0022291691233924374,0.009392232573226801
328,1.4007301932965366,0.0010934661930495993,0.007958694280093957
329,1.2885732269801853,0.0026137387971200514,0.007491704808024333
330,1.473135900061024,0.001383226197240398,0.008928096364006205
331,1.698080237699644,0.002644984793924679,0.011473515119592189
332,1.6219986927746468,0.0018708174080445752,0.007615017336970173
333,1.4967952022385542,0.0018970788368042513,0.009847336856832594
334,0.9064081719690092,0.0008903813084174943,0.0064743440854929234
335,0.669401917199138,0.0032182784480727787,0.007437799079990422
336,1.303317156344351,0.003745164242368825,0.010343786955113897
337,1.940107849055718,0.006510429023676906,0.007791597787372362
338,1.3532572841155284,0.0009799111398374571,0.009950421206731827
339,1.1011876115003898,0.0024362557776557298,0.0092536774075663
340,1.3034378783547171,0.005979072836489528,0.008095887443197001
341,1.5089096526864239,0.0030057961208892906,0.009734900985073703
342,0.6525523885054039,0.001479710631531528,0.006397572436327489
343,1.2386671713444704,0.002154203776251253,0.006998119612115652
344,2.105842749603122,0.0028768343573813138,0.004874635994451671
345,0.8367185817944616,0.0027890619393148718,0.009960935497553114
346,1.250897850415981,0.001648086759441345,0.0105117466421511
347,1.6033925369217066,0.0011576841421817377,0.00818057416796789
348,0.7400095583249844,0.003333376388851281,0.006607228199330218
349,1.7490347314028027,0.004194327893052284,0.008789119253280415
350,0.8564047106082047,0.001637485106325439,0.007196678240405081
351,1.1738808415993645,0.005589908769520783,0.008695413641476774
352,1.3580206317605428,0.0013512643102094953,0.0077601178957745305
353,1.352834118706302,0.0022622644125523447,0.009079423615478538
354,0.8987668671503103,0.006967185016669072,0.00889868185297337
355,1.5112378560445179,0.0021997639825975515,0.00962571882830903
356,0.9366337093189732,0.002964030725692953,0.011150401301416347
357,1.235373031236151,0.001951616163090286,0.00965135180653243
358,1.3033661748426366,0.0018331451122962541,0.010511017539053522
359,1.6549065603705153,0.0025617748612546676,0.010816382747519709
360,1.2455297989644525,0.0035586565684698644,0.008035676122351306
361,1.5094294183782815,0.0027196926457266333,0.007861611554053549
362,0.8761653756015185,0.0020188142294965865,0.009735170840016873
363,1.6978215879248886,0.003566852075472455,0.007788172421673801
364,1.2252562991506246,0.002252309373438648,0.007425795752428028
365,0.8535497180056127,0.0022944884892624,0.0061406454532777896
366,1.3735953412315742,0.001685393056725858,0.007849116235608996
367,1.1511373953271646,0.002592651791277398,0.008281563995159457
368,0.7411351070212356,0.0037431066011173516,0.007411351070212357
369,1.1088951353501049,0.002084389352161851,0.008464848361451182
370,1.789421115349746,0.0043432551343440436,0.01704210586047377
371,2.0278414366602115,0.0020421363914000117,0.009388154799352831
372,1.1673988678387444,0.003636756597628487,0.007941488896862206
373,1.1210087157371575,0.002143420106572003,0.00958127107467656
374,1.6736385247255605,0.0013831723344839343,0.006859174281662133
375,1.2669026649967048,0.0032652130541152187,0.006430977994907131
376,1.1188574688896806,0.005039898508512075,0.007265308239543381
377,1.4514104261491048,0.002285685710471031,0.014229513981853969
378,0.7381295869286214,0.005310284798047636,0.007097399874313667
379,1.954759624337516,0.003220361819336929,0.008885271019715982
380,2.0620919510563964,0.0022785546420512667,0.00848597510722797
381,1.2588549857701263,0.001878888038462875,0.012104374863174292
382,1.4949526860308673,0.0011282661781365035,0.006795239481958488
383,1.3819460085380506,0.0019884115230763316,0.005617666701374189
384,1.0570786864761021,0.0026295489713335876,0.010067416061677163
385,1.1346398308440169,0.002354024545319537,0.011461008392363806
386,1.0131522561480295,0.0011835890842850812,0.009741848616807975
387,1.1208324804492262,0.002926455562530617,0.01132154020655784
388,1.3120064876595308,0.0014994359858966067,0.008200040547872068
389,1.272235662622327,0.002102868863838557,0.009638148959260052
390,1.1238290194317622,0.0018126274506963906,0.011238290194317622
391,1.3652048345286947,0.00617739744130631,0.012081458712643316
392,0.8268616957268327,0.0029850602733820673,0.008186749462641908
393,1.236226986482451,0.002063818007483224,0.008079914944329745
394,1.3597389068715309,0.0013383256957396957,0.00844558327249398
395,1.2511117246543182,0.0026119242685893906,0.007628730028379989
396,1.272368913325279,0.002701420198142843,0.01610593561171239
397,1.0657207997806921,0.002253109513278419,0.006089833141603955
398,1.340447521389555,0.001453847637081947,0.007838874394090966
399,1.1418539947694997,0.0015224719930259996,0.006343633304274998
400,1.4405991981186081,0.002127916097664118,0.0090037449882413
401,1.430665710592193,0.001736244794408001,0.01109043186505576
402,2.2226406319033547,0.002835000805999177,0.006405304414707074
403,1.827506392659481,0.007223345425531546,0.01107579631914837
404,0.727153419777929,0.0021771060472393087,0.008977202713307765
405,0.779139966119154,0.0021114904230871384,0.008201473327570043
406,1.091871635203495,0.0018923251909939254,0.009253149450877076
407,1.0197004222139214,0.002524010946074063,0.008358200182081324
408,1.2035167648121279,0.0013196455754518946,0.008914938998608355
409,1.2897717056731999,0.0017814526321453038,0.00883405277858356
410,0.8862612516324221,0.0022046299791851297,0.006375980227571382
411,0.7754300679657168,0.0019052335822253483,0.00807739654130955
412,1.025475034174997,0.0026226982971227545,0.008917174210217364
413,1.1627189390675303,0.0023024137407277826,0.008742247662161882
414,1.1195765410848995,0.0016512928334585539,0.01154202619675154
415,1.454402002326965,0.0033511566873893205,0.01275791230111373
416,1.968012065753544,0.005046184783983446,0.013297378822659082
417,2.9151400321035394,0.0027710456578930983,0.0055420913157861965
418,0.6684018663410825,0.0023452697064599384,0.007863551368718616
419,1.195005660396568,0.00278556097994538,0.01057527133094308
420,0.8639375754128856,0.002760183947006024,0.007578399784323558
421,2.03596559267421,0.0033213141805452043,0.007350056291242636
422,1.140750604098844,0.004733404996260763,0.009350414787695443
423,1.6786224747238918,0.0019361274218268648,0.008520926267633969
424,1.0742895556061653,0.004196443576586583,0.008805652095132503
425,0.9814964462599007,0.0022357550028699333,0.009814964462599007
426,1.276843022559602,0.007980268890997512,0.009055624273472354
427,1.0562875276482098,0.0026210608626506446,0.008317224627151258
428,0.7069027631157161,0.0033662036338843624,0.008219799571112978
429,1.090125289364447,0.00258323528285414,0.00947935034229954
430,0.8900331633722509,0.0030796995272396226,0.00674267548009281
431,1.2864203487182426,0.0025223928406240053,0.008692029383231369
432,0.9846185513413304,0.0045165988593639005,0.009748698528131984
433,1.1550040195542837,0.0022871366723847203,0.007264176223611847
434,0.809186240747473,0.001988172581689123,0.007633832459881821
435,1.0838677484780663,0.003912879958404571,0.00976457431061321
436,2.2645037722240042,0.00327714004663387,0.008676259663693503
437,0.957951448038667,0.0036563032367888056,0.0081876192140057
438,1.2528880131730795,0.008761454637573983,0.010269573878467865
439,0.7585115567258696,0.004285376026699828,0.0073641898711249475
440,1.0093375827376412,0.005767643329929378,0.00794754002155623
441,1.9754089311833536,0.0034295293944155442,0.011900053802309359
442,1.0566826236865368,0.002307167300625626,0.011872838468388054
443,2.6233166394809526,0.004364919533246177,0.00943639078949983
444,0.44821972921192293,0.002929540713803418,0.005673667458378771
445,0.9391202750022994,0.004211301681624661,0.00802666901711367
446,1.2861450643229024,0.0023598992005924814,0.008994021428831486
447,1.787526591939542,0.0021433172565222328,0.007874566484315162
448,1.105372549004068,0.006107030657481039,0.010836985774549687
449,1.019710481068794,0.0024931796603149,0.005176195335374589
450,1.0675231933884493,0.001909701598190428,0.00834002494834726
451,1.379210707678389,0.0017819259789126473,0.009133845746214496
452,0.8705312884165858,0.005120772284803446,0.006645277010813632
453,1.3487109619086926,0.0015361172686887158,0.008931860674892003
454,1.9061678239592095,0.002171033968062881,0.011414178586582092
455,0.93629348334595,0.00200062710116656,0.007934690536830085
456,1.0959858694992897,0.0027263330087047006,0.007306572463328598
457,1.3406480270214352,0.002568291239504665,0.009576057335867394
458,0.7388335116652515,0.0013581498376199475,0.0072434658006397205
459,1.6079600294754581,0.0016079600294754582,0.011823235510848957
460,1.9391118460250396,0.0023167405567802147,0.008322368437875706
461,1.4419993779340465,0.0020252800251882677,0.006136167565676794
462,1.377149280328427,0.003968729914491144,0.009060192633739653
463,1.9126705969085986,0.0018250673634624033,0.008979674163890134
464,1.3618859474740839,0.0063050275346022405,0.010239743965970556
465,0.8552016502536286,0.0019569831813584177,0.006896787502045392
466,1.528692864164086,0.0024036051323334685,0.007879860124557145
467,1.3638081545377772,0.004083257947717895,0.008215711774323958
468,1.2732166199543102,0.0033417759053918903,0.008903612726953218
469,2.384616173827447,0.004542126045385613,0.009032637022073662
470,0.9943101238397591,0.0024920053229066643,0.011979640046262159
471,1.180280132504279,0.0046651388636532775,0.010928519745409992
472,1.347217823905639,0.001935657792967872,0.0074431923972687235
473,2.543470183739236,0.0041696232520315344,0.007661054770298903
474,0.9045538935602353,0.002965750470689296,0.007865686030958568
475,1.5113225216610155,0.0037316605473111495,0.010422913942489762
476,0.8569551469889394,0.0010765768178253006,0.008744440275397341
477,0.7855713758643252,0.0023241756682376487,0.005862472954211382
478,1.2493179882432317,0.003123294970608079,0.009610138371101782
479,1.2592527210364317,0.0015584810903916235,0.010671633229122303
480,0.6305991089662817,0.003542691623406077,0.005630349187198944
481,0.9593773580534297,0.0027970185365989203,0.009224782288975285
482,1.4121923695812346,0.0017989711714410633,0.012387652364747672
483,1.253341315113373,0.003471859598652003,0.008411686678613242
484,1.1988254627126973,0.001293231351362133,0.007265608864925438
485,0.7160178884507318,0.0035980798414609635,0.007089286024264671
486,1.2057819182144596,0.0017250098973025172,0.007880927570029148
487,1.1761939717611818,0.003187517538648189,0.0072159139371851646
488,1.184891364460611,0.00210460277879327,0.010971216337598249
489,0.9137127914882246,0.003066150307007465,0.007945328621636735
490,1.2185592051717304,0.0031006595551443523,0.008894592738479784
491,0.9326939678049762,0.003686537422154056,0.007012736600037415
492,0.6375215910543526,0.003581581972215464,0.007589542750647054
493,1.154594202480776,0.0028649980210441093,0.00970247228975442
494,1.14121145447765,0.00397634653128101,0.00975394405536453
495,0.8255756240040295,0.0011947548827844132,0.007241891438631838
496,1.4039629483285014,0.005297973389918873,0.00882995564986479
497,1.362252175479652,0.0017464771480508359,0.008514076096747824
498,0.9347803600623166,0.0020772896890273703,0.006924298963424567
499,0.9407592270861244,0.002256017331141785,0.008710733584130782
500,1.6962799513876363,0.001995623472220749,0.008743711089626991
501,0.6451079132460619,0.005000836536791177,0.008378024847351452
502,0.7730688290308424,0.004892840690068623,0.007969781742586004
503,1.5106350705930338,0.0021798485867143345,0.016243387855839075
504,1.9209222701248283,0.00365889956214253,0.007714547269577624
505,1.4236488781816494,0.0021248490719129095,0.008277028361521218
506,1.3590623614957682,0.002916442835827829,0.007041773893760457
507,1.390773244335213,0.0035478909294265636,0.009090021204805314
508,0.7893884662381434,0.003302880611875077,0.008580309415631994
509,2.5098542120913017,0.002165534264099484,0.006587543863756698
510,1.939538243822663,0.0029078534390144873,0.01015465049121813
511,1.0940327199678128,0.002812423444647334,0.011638645957104392
512,1.3000771561787574,0.0021488878614524917,0.007429012321021471
513,1.5259394717997972,0.0011819825498061945,0.006465845219490666
514,1.084036205484189,0.0030884222378466924,0.008469032855345227
515,1.1788070408048394,0.001844768451963755,0.01190714182631151
516,1.7903755518954951,0.005174495814726864,0.013987308999183556
517,1.1364498587315552,0.0031393642506396553,0.01052268387714403
518,2.0990023957822057,0.0042749539628965496,0.00780298288394872
519,0.7511505599864395,0.002202787565942638,0.007990963404111059
520,1.2343221502576758,0.0018873427373970577,0.010117394674243245
521,1.0729151609678111,0.0018215877096227693,0.006922033296566523
522,1.4527557221502594,0.00188180793024645,0.008495647497954733
523,1.3426520064392722,0.0017125663347439695,0.008775503310060603
524,0.8913637295947211,0.0025613900275710377,0.008913637295947211
525,1.4323194464424929,0.002929078622581785,0.01045488647038316
526,0.9185356524826869,0.002417199085480755,0.006753938621196227
527,1.19354431885593,0.0019250714820256937,0.0067815018116814205
528,1.0887492264787502,0.0023464422984455823,0.010570380839599516
529,1.3381031444137153,0.002311058971353567,0.008688981457231917
530,0.944531103108346,0.0023972870637267666,0.007617186315389887
531,1.1938039201215829,0.0021091942051618072,0.008908984478519275
532,1.3553952089452599,0.002091659273063673,0.007529973383029222
533,0.8534060287475536,0.0014082607735108144,0.006465197187481467
534,1.5986152859962974,0.002436913545726063,0.010313647006427725
535,1.5729900315147658,0.0019443634505744941,0.009955633110852949
536,2.4979820351562245,0.001784272882254446,0.005418616128321528
537,0.7385092519655931,0.0043441720703858416,0.008205658355173256
538,0.980457547852429,0.0024511438696310727,0.008913250435022082
539,1.0208224926264717,0.0032823874360979797,0.008166579941011774
540,1.3483995693352182,0.0018172500934436904,0.008323454131698878
541,1.432656429271108,0.0012644805200980652,0.0068877712945726345
542,1.0521437206923543,0.001626188130900084,0.00653505416579102
543,1.1738525855276716,0.002048608351706233,0.0073827206636960475
544,0.6675330812213064,0.0034587206280896703,0.007101415757673472
545,0.969470344441692,0.002564736360956857,0.01211837930552115
546,1.8832890474967185,0.003587217233327083,0.010125209932778058
547,1.0846046029915488,0.0024483173882427736,0.008963674404888834
548,1.4921522678081967,0.004099319417055485,0.01621904638921953
549,1.5136805495014507,0.0019184797839055141,0.010812003925010362
550,1.6906764141094617,0.002046823745895232,0.012616988164995983
551,1.694520049154298,0.001465847793386071,0.009519775557046618
552,1.1970715654165436,0.00539221425863308,0.008674431633453215
553,1.090184984947903,0.00331363217309393,0.007787035606770736
554,1.1221334023894705,0.0033596808454774566,0.009351111686578921
555,1.417354070218671,0.003948061476932232,0.007231398317442199
556,1.4741937599691421,0.0011322532718657005,0.007883389090744077
557,1.0740514409265949,0.003016998429569087,0.009259064145918922
558,1.2302705692067497,0.0021583694196609642,0.00727970751009911
559,1.719144551790165,0.002354992536698856,0.010949965298026528
560,1.6537042133494413,0.0032553232546248846,0.006360400820574774
561,1.1186365110407854,0.002189112546068073,0.007822632944341157
562,1.3331520193450517,0.0029300044381209926,0.01017673297209963
563,1.0485823806910706,0.002563771101934158,0.008886291361788734
564,0.9858332274045314,0.002045297152291559,0.011736109850053945
565,1.709146780892734,0.002128451781933666,0.010113294561495468
566,1.1464884254268768,0.002866221063567192,0.009634356516192242
567,1.6880225361032324,0.003389603486151069,0.00953685048645894
568,1.077061113993618,0.002887563308293882,0.009127636559267948
569,1.2475504451792712,0.0022682735366895837,0.009670933683560241
570,1.3051635249275872,0.0017038688314981556,0.006979484090521857
571,2.0659099020356786,0.0043310480126534144,0.009021440620243138
572,1.1308298103215109,0.002293772434729231,0.007963590213531766
573,2.657278134420913,0.0036301613858209193,0.01046172493866501
574,1.337790330197047,0.004053910091506204,0.007078255715328292
575,1.8808583646309411,0.004860099133413284,0.010626318444242605
576,1.5832637722176952,0.0026475982813004935,0.009595538013440577
577,1.4274868956641504,0.0017754812135126249,0.008496945807524706
578,2.0724832744964177,0.004605518387769817,0.011082798259339131
579,1.5908405755522623,0.003708253089865413,0.009038866906546945
580,1.2422053386046166,0.0021380470543969302,0.011718918288722797
581,1.1547215132949442,0.0015667863138330315,0.009164456454721779
582,1.13129946446274,0.002497349811176027,0.007346100418589222
583,1.3444587883520502,0.004906783899095074,0.008148235080921516
584,1.4630807376835064,0.004704439671008059,0.007171964400409345
585,2.043104247854865,0.001962636165086326,0.011287868772678813
586,0.8730485506791176,0.003464478375710784,0.007726093368841749
587,1.1980804317705247,0.0033187823594751377,0.009287445207523448
588,1.0711887823728052,0.002084024868429582,0.00649205322650185
589,0.9722223733434527,0.0016149873311353037,0.008838385212213206
590,1.3726644604538771,0.003457593099380043,0.012478767822307973
591,1.505850296106061,0.0028628332625590513,0.010911958667435225
592,1.5267513994515851,0.0028116968682349633,0.011654590835508283
593,1.6338042849805041,0.0014182328862677987,0.00887937111402448
594,0.8973548620529973,0.003041880888315245,0.007735817776318942
595,1.1794485757547148,0.0019990653826351098,0.010920820145876989
596,1.511082552045216,0.0013687341956931305,0.005659485213652495
597,0.8573272014639169,0.002536471010248275,0.005792751361242682
598,1.0859848595811705,0.005402909749160053,0.008484256715477895
599,1.2155820615895956,0.002025970102649326,0.01012985051324663
600,1.3450001669557734,0.0035301841652382506,0.011115703859138622
601,2.6314999279671754,0.004437605274818171,0.011391774579944482
602,0.9956475733874717,0.002326279377073532,0.007430205771548296
603,0.9739104478637657,0.001995718130868372,0.005471407010470593
604,0.5536731269994671,0.002868772678753716,0.00622104637078053
605,1.5511408743691517,0.003245064590730443,0.008078858720672665
606,1.5561139425726207,0.0012796989659314315,0.008021205889549592
607,1.1317788165504121,0.003215280728836398,0.00716315706677476
608,0.9251507021101769,0.0026584790290522325,0.00881095906771597
609,1.083920428734148,0.002291586530093336,0.007633242455874281
610,0.9240768738081571,0.002357338963796319,0.00983060504051231
611,1.5071876686269277,0.0016471996378436369,0.00985089979494724
612,0.9372634356874082,0.0016736847065846575,0.007942910471927188
613,1.0911181102160952,0.002797738744143834,0.008591481182803899
614,1.3098133902189295,0.0016475640128539993,0.009998575497854423
615,2.057071143701436,0.0030430046504459113,0.008228284574805745
616,1.2807575425071227,0.007115319680595126,0.018296536321530325
617,1.9677769812948611,0.005247405283452963,0.009460466256225293
618,1.4247340893278853,0.002226147014574821,0.009435325094886657
619,1.529336801137465,0.0026972430355158114,0.009618470447405441
620,0.9797268917089361,0.00409927569752693,0.00979726891708936
621,1.6138343884299229,0.0029503370903654898,0.011445633960495907
622,1.5382597221805288,0.0031393055554704667,0.007056237257708847
623,1.538556717227776,0.0016161310054913615,0.011148961719041856
624,1.7683040236311487,0.0028202616006876373,0.006383769038379598
625,1.1704315458411616,0.0019062403026729017,0.010938612577954782
626,1.6595606917566557,0.005495234078664423,0.010372254323479099
627,1.025191926334661,0.0021628521652629976,0.00899291163451457
628,1.2377201566724625,0.0012303381279050324,0.0066188243672324195
629,1.7658537156846428,0.0037731917001808607,0.0061743136912050444
630,0.7454236263386929,0.0014280146098442391,0.008102430721072749
631,1.063639499903897,0.0017906388887270993,0.007820878675763948
632,0.73997363641799,0.0024261430702229177,0.008221929293533221
633,1.8907460669247094,0.003955535704863409,0.012120167095671213
634,0.9947629980310351,0.0032722467040494575,0.00975257841206897
635,1.6080751409342977,0.0021555967036652785,0.01398326209508085
636,2.380434605761756,0.0035213529671031894,0.007703671863306654
637,1.6195512738647881,0.0017955113900940001,0.006530448684938662
638,0.837460085863156,0.0029179793932514147,0.0077542600542884815
639,0.8933666296017975,0.002757304412351227,0.007635612218818782
640,1.254313928077839,0.002407512337961303,0.01011543490385354
641,0.9679075005571122,0.001975321429708392,0.008642031254974215
642,2.443977759011463,0.0033756598881373797,0.01005752164202248
643,1.4248548808327848,0.002943915043042944,0.01063324537934914
644,1.4028057399619345,0.0024228078410396107,0.011045714487889248
645,1.4705017732329715,0.0016071057630961437,0.006152727084656784
646,1.6675389414880315,0.004067168149970809,0.008017014141769382
647,1.3249267768012118,0.003514394633424965,0.009396643807100794
648,1.656371953453322,0.006445027056238607,0.009686385692709486
649,0.6597956200716408,0.001981368228443366,0.005544501009005385
650,1.3408199114165598,0.002205295906935131,0.00978700665267562
651,1.0787938235075711,0.0016246894932342938,0.008494439555177726
652,0.6433033411961916,0.002821505882439437,0.006992427621697735
653,1.8778343750130653,0.004118057839940932,0.009988480718154603
654,1.6047544849125814,0.002171521630463574,0.006496981720293852
655,1.0157945313912762,0.00223743288852704,0.009319215884323634
656,1.721909476006448,0.004032574885261002,0.011713669904805768
657,1.2195493591522812,0.00628633690284681,0.011292123695854457
658,1.4300879403442635,0.0041815436852171445,0.010593244002550099
659,1.3269558436125213,0.0031370114506206175,0.010052695784943343
660,2.2544051523108246,0.0038735483716680836,0.007415806422075081
661,0.7778801413420178,0.004009691450216586,0.006592204587644219
662,1.8043736232879497,0.0028869977972607193,0.011138108785728084
663,1.8308737071153929,0.0014717634301570682,0.009200370387514537
664,1.0077658553997293,0.0012597073192496615,0.0079351642157459
665,1.4636770208385852,0.0031476925179324414,0.009263778612902437
666,0.9967930636387173,0.0017611184869942003,0.00931582302466091
667,1.45246948820776,0.0015321408103457384,0.008856521269559513
668,1.6217062791074077,0.0037109983503602006,0.010263963791819037
669,1.5738306009126681,0.004035463079263252,0.011161919155408994
670,1.2317543842485086,0.001184379215623566,0.006252560326134561
671,1.3739678505074877,0.0029804074848318604,0.008695999053844859
672,0.985673212161983,0.0018632763935009131,0.006844952862235993
673,0.7631347413765113,0.0014647499834481983,0.0046818082293037504
674,1.2358261921100273,0.005192547025672384,0.011658737661415352
675,1.9638611993447797,0.002107147209597403,0.00801575999732563
676,0.9541175771541557,0.001325163301602994,0.00662581650801497
677,0.9162751049992724,0.0036073823031467418,0.0073893153628973585
678,0.9061998142226901,0.002942207189034708,0.008390739020580464
679,0.7971187368222258,0.0028570564043807374,0.006376949894577807
680,1.4464865046524207,0.0019209648136154325,0.011300675817597037
681,1.4781590496347201,0.002126847553431252,0.009536509997643355
682,0.9769884725308241,0.0020655147410799666,0.009769884725308242
683,0.9755316201968259,0.002560450446710829,0.0054498973195353404
684,1.9336117259920904,0.0032717626497328093,0.009251730746373638
685,1.6391577047061952,0.0018840893157542472,0.01122710756648079
686,1.517931738637668,0.0022588269920203394,0.007477496249446641
687,1.159975368943479,0.0022480142808982153,0.00878769218896575
688,0.8188317557349787,0.003301740950544269,0.008529497455572695
689,1.2524444965526256,0.004457097852500447,0.006996896628785618
690,1.266313199309123,0.0023493751378647924,0.010823189737684811
691,1.4720650767519214,0.0008474755767138292,0.008088269652483085
692,0.8686129596050384,0.002029469531787473,0.006948903676840307
693,1.3595173409555241,0.001795927795185633,0.00957406578137693
694,0.8844898189161535,0.0018388561723828556,0.009213435613709933
695,0.9929768507485937,0.002451794693206404,0.008865864738826728
696,1.033924236268905,0.0021585057124611793,0.006847180372641755
697,1.135728701721828,0.00223568642071226,0.01514304935629104
698,1.6809012022696486,0.0030617508238062817,0.008754693761821086
699,1.4439513977358769,0.0025288115547038126,0.007933798888658665
700,1.4696479891651972,0.0017433546727938284,0.010573007116296383
701,1.177033957287502,0.002441979164496892,0.009727553366012413
702,1.2417303923494147,0.0022413905999086907,0.007909110779295635
703,1.6245356357064398,0.001708239364570389,0.012214553651928119
704,1.4399295852436835,0.0019916038523425774,0.00883392383585082
705,1.4156711562531297,0.0018034027468192735,0.005708351436504555
706,1.7583337375460684,0.008494365881865064,0.009205935798670515
707,1.253370435429885,0.0021029705292447735,0.010273528159261351
708,1.1499414359819604,0.0023137654647524355,0.006424253832301455
709,1.1661825944119892,0.002674730721128416,0.011661825944119892
710,1.2618646051381217,0.003931042383607856,0.007556075479868992
711,1.4171634930788817,0.003431388603096566,0.010269300674484649
712,1.4409874501880744,0.0017900465219727632,0.006702267210177091
713,1.7952418604123683,0.002532075966731126,0.009448641370591412
714,1.1382156512536796,0.003188279135164369,0.012108677140996591
715,1.7823086098655345,0.0025644728199504096,0.009331458690395469
716,1.317872375268635,0.004560112025150986,0.007752190442756677
717,0.8107740110857374,0.004686554977374205,0.006870966195641843
718,1.2726662222905443,0.004314122787425574,0.011465461462076975
719,0.9543915379023078,0.001289718294462578,0.005927897750946011
720,1.0777962310823421,0.0024439823834066714,0.005283314858246775
721,1.127445763797357,0.0015946899063611839,0.008808170029666851
722,1.2640437419260973,0.002600913049230653,0.011596731577303645
723,0.8540564731996041,0.0029552127100332323,0.0061004033799971725
724,1.1261154795865815,0.0017650712846184664,0.006291147930651293
725,1.0849830094983655,0.00412541068250329,0.009774621707192482
726,1.7466102091274174,0.0029256452414194597,0.006128456874131289
727,0.8781167632682678,0.0012247095722012103,0.0062722625947733415
728,1.6922042860125217,0.0021099804064994036,0.011670374386293253
729,0.9160826697706769,0.0021811492137397068,0.00796593625887545
730,1.5623994909313041,0.004047667074951565,0.010015381352123745
731,0.819722927312194,0.0037430270653524837,0.006946804468747406
732,0.7381073645110746,0.0036005237293223152,0.0066496158964961674
733,1.345375202944115,0.0011063940813685156,0.00960982287817225
734,2.4533310248680253,0.007070118227285376,0.00993251427072075
735,1.3980711902193672,0.004975342313947926,0.011848060934062434
736,1.8670472777215725,0.0036537128722535666,0.012123683621568652
737,0.6747562375610443,0.002234292177354451,0.006747562375610443
738,1.891150396473846,0.003574953490498764,0.006682510234889916
739,1.314112654248068,0.003335311305198142,0.009662593045941676
740,2.376447801636068,0.004392694642580532,0.007201356974654752
741,1.136299589568816,0.0026121829645260135,0.009313931062039475
742,1.5238512487181317,0.0013533314819876836,0.0067130010956745895
743,0.761073063706298,0.0014199124322878695,0.009060393615551167
744,1.3999528704863609,0.0015250031268914607,0.007734546245780999
745,1.6541171815408817,0.0019953162624136087,0.007068876844191802
746,0.6974321933652329,0.004649547955768219,0.006171966312966662
747,0.6976449432304868,0.0016571138794073319,0.0064596754002822845
748,1.113704582291572,0.002334810445055707,0.01050664700275068
749,1.1372530423451075,0.002311489923465666,0.0071078315146569215
750,1.1022963999903104,0.0025516120370146075,0.006446177777721113
751,0.7455593467198183,0.002412813419805237,0.00696784436186746
752,1.0586904462648419,0.0018412007761127685,0.008469523570118735
753,0.9154939094389167,0.003072127212882271,0.007693226129738796
754,0.8288252766861783,0.0020566384036877876,0.00789357406367789
755,1.315403959524427,0.0013949140610015132,0.009198629087583406
756,0.9853503401011391,0.0015182593838230186,0.007408649173692775
757,1.059984261830883,0.001988713436830925,0.006583753179073807
758,1.8941307519276394,0.003587368848347802,0.010294188869171952
759,1.468812721749989,0.0018200901136926752,0.008490246946531728
760,1.183554521551565,0.0013434217043718105,0.007087152823662066
761,1.9645427888842792,0.004270745193226694,0.008359756548443741
762,1.1200439647411737,0.0014195740997986993,0.007724441136146026
763,1.2613770645843991,0.006093609007654102,0.00927483135723823
764,1.029276709068184,0.0017962944311835673,0.010090948128119451
765,1.7912593691395107,0.0011831303627077348,0.008068735897024823
766,1.3389196104460936,0.0018647905437967878,0.012631317079680128
767,1.2712420627452492,0.002302974751350089,0.0069466779384986296
768,2.4561540121400594,0.0017901997173032503,0.0071817368776025126
769,1.8244258312132005,0.0021042973831755483,0.009122129156066002
770,1.2974829813756983,0.002079299649640542,0.009334409937954664
771,1.5368833937754514,0.0014921197997819916,0.012597404867011896
772,0.7778606308881917,0.005804930081255162,0.013646677734880555
773,0.8651585991898101,0.004577558725872011,0.007937234854952386
774,1.2091280310764825,0.0063305132517093325,0.009520693158082539
775,2.1590767792234855,0.004233483880830364,0.010904428177896391
776,1.5602548698018974,0.003035515310898633,0.009287231367868437
777,0.9111080526091417,0.001434815830880538,0.007062853121001099
778,1.1746919439559467,0.002358819164570174,0.008899181393605656
779,1.1508374952638019,0.0020848505348981918,0.006809689321087585
780,1.1879661219164033,0.0020805010891705835,0.008799749051232616
781,1.5680744832889704,0.006479646625161034,0.01011660956960626
782,1.0805633420220868,0.005049361411318162,0.00885707657395153
783,0.9548178241424636,0.003362034592050928,0.009180940616754459
784,1.541643811961147,0.003083287623922294,0.00906849301153616
785,1.3492782624659596,0.004853518929733668,0.009305367327351446
786,1.017309536793819,0.0022163606466096275,0.011057712356454554
787,0.9637814867042398,0.0025632486348517018,0.006217945075511225
788,1.0235994309187526,0.0029929807921600955,0.00747152869283761
789,1.2936322098493584,0.0020025266406336817,0.008510738222693147
790,2.526082996571816,0.003372607472058499,0.007364673459393049
791,1.3644531171258194,0.0032409812758333,0.00909635411417213
792,1.3176284712143673,0.004079345112118785,0.009411631937245481
793,1.7964212154919372,0.0052835918102704035,0.006989965819034775
794,0.81743106419618,0.001648046500395524,0.011197685810906575
795,1.773164276272254,0.0021440922324936565,0.012942804936293824
796,0.9027660900039368,0.006099770878404978,0.006225973034509909
797,0.8746583633602973,0.0023897769490718508,0.008251493993965069
798,0.937198467409309,0.004183921729505844,0.008367843459011688
799,1.833640750888034,0.0024286632462093166,0.008372788816840337
800,1.2325763342432086,0.0012048644518506439,0.013849172294867512
801,1.4888867915778436,0.0015738761010336613,0.00692505484454811
802,1.2758749745256874,0.001862591203687135,0.008799137755349568
803,1.0688154196031934,0.0013050249323604314,0.009716503814574486
804,0.9323009915400245,0.002118865889863692,0.008250451252566588
805,1.188297331823457,0.0021257555131009966,0.005712967941458928
806,1.3778960796578537,0.005789479326293503,0.008666013079609142
807,1.3423033822087098,0.0009328029063298887,0.005046253316574097
808,1.1705813477874274,0.0032426076115995217,0.007701193077548864
809,1.1324294502097167,0.0036412522514781887,0.009596859747539972
810,1.2822319634006012,0.004245801203313249,0.00986332279538924
811,2.5167233684057777,0.0018951230183778447,0.007557727833050383
812,1.5167361030520232,0.004500700602528259,0.011404030850015212
813,0.8020530265472591,0.002094133228582922,0.008717967679861511
814,0.9516376267927134,0.0018769972915043656,0.005565132320425224
815,1.5830515978775221,0.0010631642698975972,0.008288228261138859
816,1.383944112464825,0.003965455909641332,0.0110715528997186
817,1.2803868507810225,0.002864400113604077,0.0137676005460325
818,0.8338756721470887,0.0046585233080842945,0.007512393442766565
819,1.0563725623805815,0.002640931405951454,0.008519133567585335
820,1.2210721158509452,0.003037492825499864,0.008599099407401023
821,2.027233203390213,0.0034128505107579345,0.009699680398996234
822,1.2061493222180069,0.0014341846875362745,0.008494009311394414
823,1.5595091378682526,0.009870310999166156,0.012888505271638451
824,1.6063167435937609,0.003530366469436837,0.012954167287046459
825,1.5670223510627022,0.0060737300428786905,0.00783511175531351
826,1.1469685165723273,0.0024455618690241523,0.010820457703512523
827,1.4976912677060648,0.0019275305890682944,0.007602493744700837
828,0.9771573980893443,0.0011787182124117542,0.008803219802606706
829,2.205532778866922,0.0024370527943280906,0.009076266579699267
830,0.8321676318108111,0.00507419287689519,0.006657341054486489
831,1.2521415075695495,0.0024360729719251936,0.006108007353997802
832,1.699385812065089,0.004448653958285574,0.010490035876944994
833,1.2351774654673773,0.0028792015512060076,0.011652617598748843
834,1.591578359478017,0.0037448902575953342,0.007726108541155422
835,1.130105670441588,0.0026971495714596372,0.008072183360297056
836,1.7303676088159334,0.001274202951999951,0.010747624899477847
837,0.4611638032830707,0.0036893104262645656,0.005181615767225514
838,3.2314738864310484,0.0026973905562863508,0.0063362233067275455
839,1.2418471360933334,0.0031359776163973068,0.00856446300754023
840,1.4559826223083208,0.0030269908987698977,0.007786003327851983
841,1.0739981714354299,0.0026388161460329973,0.01022855401367076
842,1.2371104666336017,0.001300852225692536,0.0060053906147262215
843,1.1933222384690265,0.004754271866410464,0.009623566439266342
844,1.835988999946015,0.006099631229056528,0.007779614406550912
845,2.313812698071334,0.00795124638512486,0.010565354785713854
846,2.041071279902578,0.004243391434308894,0.007911128991870457
847,1.397546358856229,0.0024518357172916296,0.007394425179133486
848,2.311411802586409,0.006367525626959804,0.008822182452619882
849,1.8597533093118652,0.003583339709656773,0.008941121679383967
850,1.2798772586287837,0.0025648842858292257,0.009551322825587938
851,1.2895446091915428,0.0051788940128174405,0.012051818777491055
852,0.8368956472246637,0.0018806643757857612,0.008368956472246636
853,1.0829763751541706,0.0018079739151154767,0.0075732613647144795
854,1.0641314419784271,0.0025641721493456075,0.0089422810250288
855,0.8592915565095414,0.002328703405174909,0.007344372277859328
856,0.8772807296801567,0.006962545473652037,0.012901187201178775
857,1.594780533387496,0.003624501212244309,0.008528238146457198
858,0.9056514165771832,0.0027611323676133633,0.007303640456267606
859,2.4272074916359174,0.0043654811000646,0.014362174506721405
860,1.3156702635049105,0.0024185115137957914,0.010696506207356996
861,0.6535033670008152,0.002513474488464674,0.00718135568132764
862,0.9312564682240694,0.0009551348392041738,0.007510132808258624
863,1.1415512365597933,0.0026303023883866203,0.008153937403998524
864,1.0188070935576277,0.0016223042891045027,0.008216186238367965
865,1.1718653441981608,0.0019242452285684085,0.009765544534984674
866,1.3954349828922719,0.0016533589844695165,0.00955777385542652
867,1.6536899922536847,0.0017425605819322283,0.008524175217802498
868,1.1739702411182713,0.004268982694975532,0.008507030732741096
869,0.8042218522011504,0.0021108185097143055,0.008647546797861833
870,0.80910924562863,0.0018816494084386744,0.008607545166262021
871,1.4390372451046005,0.0019009739037048883,0.008415422485991815
872,1.7619261606378713,0.003632837444614168,0.00728068661420608
873,1.8912224292489868,0.00478790488417465,0.009503630297733602
874,0.9776687830597176,0.003454660010811723,0.007821350264477741
875,1.4870609560969343,0.0020511185601337027,0.011896487648775475
876,0.8850896212424502,0.001962504703420067,0.007080716969939602
877,2.106737150284909,0.002831635954684017,0.005884740643253936
878,0.9866931219129033,0.004884619415410412,0.007202139576006593
879,0.8749866677274921,0.0024509430468557204,0.006782842385484435
880,0.9359242931340177,0.005287707870813659,0.008999272049365554
881,1.614090562963451,0.002487042469897459,0.009902396091800313
882,1.750515592409212,0.004795933129888252,0.010002946242338355
883,1.0421486858180342,0.0033295485169905245,0.007777228998642046
884,1.0976906636719919,0.0016286211627180888,0.009071823666710676
885,0.8600822575234733,0.0014030705669224688,0.010118614794393804
886,0.6956231727850216,0.0018549951274267242,0.006562482762122845
887,1.5648206298688263,0.0012986063318413496,0.01314975319217501
888,1.4442927064674467,0.0038412040065623583,0.009892415797722237
889,0.8811251873677699,0.004841347183339395,0.007163619409494064
890,1.6900702913763344,0.00391219974855633,0.010368529394946837
891,1.3503973881902203,0.0017791796945852705,0.010803179105521763
892,1.4341931439729916,0.0023472882880081697,0.011292859401362139
893,1.1787761748406151,0.004050777233129262,0.01281278450913712
894,1.6140903642094664,0.005490103279624035,0.01136683355077089
895,1.1956890896243955,0.006911497627886679,0.014946113620304943
896,0.8812568889462267,0.004542561283227973,0.008159786008761358
897,1.0937853822654617,0.0029012874861152832,0.006396405744242466
898,1.152152353363466,0.002083458143514405,0.009764002994605645
899,1.2216455914444728,0.0013913958900278734,0.007271699949074243
900,0.9414149143366597,0.005537734790215645,0.010946685050426275
901,1.0701670103079344,0.002709283570399834,0.011890744558977049
902,1.4416938650587088,0.0012803675533381072,0.00930125074231425
903,1.139486592857886,0.0020061383677075456,0.009115892742863087
904,1.3342235365718298,0.002127948224197496,0.007712274777871848
905,1.116763980487384,0.0035118364166269933,0.012408488672082043
906,1.047735504821554,0.0023077874555540836,0.007326821712038839
907,1.2200757413192258,0.0024450415657699914,0.00968314080412084
908,1.634306160164078,0.0020792699238728726,0.011673615429743414
909,2.302364666603154,0.0017041929434516313,0.005185506005862959
910,1.0951629059246344,0.0038562074152275858,0.012445033021870845
911,0.5611675633416766,0.0042837218575700504,0.005344452984206444
912,1.0964125393965183,0.0022653151640423933,0.008701686820607287
913,1.373797717208652,0.003723029043925886,0.010329306144425954
914,1.192907448423925,0.0038112059055077476,0.007502562568703931
915,1.4276159730935865,0.0025002031052427085,0.007758782462465144
916,0.9807044593938405,0.003815970659120002,0.010659831080367832
917,1.3705137162127337,0.002837502518038786,0.012022050142216962
918,1.2895438673684143,0.002697790517507143,0.007411171651542611
919,1.5103029304075484,0.0036747029936923317,0.009043730122200888
920,1.5465000708732544,0.0027323322806947956,0.007260563713019973
921,1.2451745738446227,0.0023762873546653105,0.0071975408892752755
922,1.4121001703329747,0.005410345480202968,0.009671918974883389
923,1.2805681467563574,0.0020166427507974133,0.00805388771544879
924,2.0045436900017592,0.0027687067541460764,0.012767794203832861
925,1.374697703680383,0.004295930324001196,0.009288497997840425
926,1.0199487270793102,0.0021382572894744446,0.010407640072237859
927,1.1013351197539565,0.005294880383432483,0.011013351197539566
928,1.9691921471107356,0.0032229004044365558,0.007573815950425907
929,1.0814396781904527,0.0009858155680861009,0.006361409871708546
930,2.3463460799813514,0.003891121193998924,0.006590859775228515
931,2.1656535462885715,0.0035677982640668396,0.010167387541260899
932,0.7227193864665933,0.0012998550116305634,0.007528326942360347
933,1.0112171382160777,0.006832548231189714,0.007222979558686269
934,1.1519113263299605,0.0019294997090954112,0.009845395951538124
935,2.223786263746528,0.0032654717529317593,0.004164393752334322
936,1.2489248644952804,0.0029044764290587916,0.010407707204127337
937,1.5613378482428584,0.0018455530121073975,0.008174543708077792
938,0.8405442349068348,0.0018233063663922664,0.010250539450083352
939,1.4705405790510413,0.003411927097566221,0.012254504825425344
940,1.1999733764756355,0.001186917286326049,0.00895502519757937
941,2.2134308937740648,0.004689472232572171,0.011178943907949821
942,1.5622160492089994,0.0029037473033624523,0.010848722563951384
943,0.9053508813187137,0.0017963311137276065,0.006807149483599351
944,1.162614152366379,0.0032475255652692154,0.008364130592563879
945,2.0481651097780196,0.001838568321165188,0.006041784984595928
946,0.9424126843906879,0.0015102767378055897,0.008490204363880071
947,1.220787064389098,0.0022075715450074105,0.007775713785917821
948,1.5496769839393438,0.0016159301188105775,0.00980808217683129
949,1.2650633597915637,0.0022752938125747547,0.007228933484523221
950,1.0278431734545426,0.0027556117250792027,0.007670471443690616
951,1.0603318892980467,0.0013337508041484864,0.007363415897903102
952,0.8558201165219732,0.0022345172755142903,0.006634264469162583
953,1.003883242675209,0.0027131979531762403,0.007722178789809299
954,1.2067464532514092,0.0012326317193579255,0.006741600297493906
955,1.3424639515065988,0.0023145930198389636,0.008890489745076812
956,0.946607332304002,0.00200128400064271,0.007226010170259557
957,1.1728242436424703,0.0032309207813842156,0.008687586989944224
958,1.2498243847752855,0.005457748405132251,0.008502206699151601
959,1.0314346549382953,0.006251119120838153,0.008318021410792704
960,1.2210109340722746,0.0025868875721870225,0.01043599088950662
961,1.3648480964679766,0.004173847389810326,0.009478111781027615
962,0.8335970412145288,0.002348160679477546,0.007442830725129722
963,1.1938620178876915,0.001760858433462672,0.008066635255997916
964,2.1527526124135186,0.002077946537078686,0.005695112731252694
965,2.4733391454086604,0.0027759137434440633,0.005778829778992197
966,1.8245020762038724,0.00473896643169837,0.00860614186888619
967,1.7283531032054527,0.002979919143457677,0.0069134124128218104
968,1.5039586665881093,0.0028430220540417946,0.009959991169457677
969,0.8754896940949999,0.004632220603677248,0.008259336736745282
970,0.955092692317334,0.003930422602128946,0.008926099928199384
971,1.2136402412709622,0.0024869677075224634,0.007355395401642195
972,0.9107609195794553,0.0021999056028489256,0.007851387237753926
973,0.9336414179645619,0.002117100721008077,0.00818983699968914
974,1.3166462561039431,0.007931603952433393,0.00849449197486415
975,1.021823132542685,0.003361260304416727,0.008659518072395636
976,1.8631267577751771,0.0011851951385338276,0.006169293899917805
977,1.337559542858164,0.0020801859142428676,0.00773155805120326
978,1.1430956655038338,0.001368976844914771,0.008659815647756317
979,1.2667184538566754,0.005170279403496634,0.014729284347170643
980,0.9088935368800921,0.0020846182038534223,0.00715664202267789
981,1.1207078739582574,0.0019124707746727943,0.010096467332957274
982,1.5017077338169127,0.0012451971258846705,0.006445097570029668
983,0.7274586339790697,0.0014846094571001423,0.008660221833084163
984,1.9472819836065618,0.005349675779138906,0.012094919152835788
985,0.9926604695689537,0.004018868297850015,0.005514780386494187
986,1.8802024767842123,0.002432344730639343,0.009895802509390591
987,1.8001696430967697,0.0030052915577575457,0.010405604873391733
988,0.9112641021431906,0.0013420678971181011,0.00734890404954186
989,1.1490563344720186,0.003148099546498681,0.010079441530456304
990,0.8469068198306042,0.0023330766386518023,0.006092854818925211
991,0.9387796796877257,0.0015314513534873176,0.007888904871325425
992,1.2066157646680105,0.004294006279957333,0.009004595258716497
993,1.6649515164425448,0.002865665260658425,0.006795720475275693
994,1.4589998949378855,0.0030395831144539283,0.009176099968162802
995,1.1776511409685084,0.00320885869473708,0.008235322664115443
996,1.1927582266438777,0.004170483309943628,0.007951721510959185
997,1.9084313828622044,0.003123455618432413,0.010315845312768673
998,1.0644937787321171,0.0020913433766839235,0.006374214243904893
999,1.1404569205496047,0.0034559300622715294,0.007552694838076852
